"","x"
"1"," 오류를 우회하기 위한 함수 추가 소비자물가 개월만 상승 장마 피해 신선식품 아이뉴스 이연춘 기자 올해 월부터 지속된 장마로 채소 가격 상승세가 심상치 않다 채소값 등 식탁물가 고공행진은 다음달 추석물가 관리에 비상이 걸렸다 긴 장마에 배추 상추 등 신선채소류 물가가 년 전보다 나 급등했다 일각에선 코로나 사태로 경기가 침체하고 고용불안이 심화하는 가운데 밥상물가마저 들썩 거리면서 우려하는 분위기가 역력하다 일 통계청의 소비자물가 동향 에 따르면 월 소비자물가지수는 년 으로 지난해 같은 달보다 상승했다 소비자물가 상승률은 지난 월에 대로 유지했지만 코로나 이후 월에 대 초반으로 떨어졌고 월엔 마이너스 월에는 보합 을 기록했다 물가 상승을 주도한 품목은 신선식품이다 장마로 출하가 감소한 신선채소류 신선어개류 신선과일 값까지 가격을 끌어올렸다 이들을 포함한 신선식품지수는 올라 년 월 이후 년 개월만에 최대 상승폭을 기록했다 배추 가격이 오른 것을 비롯해 상추 고구마 양파 등이 대의 급등세를 보였다 반면 콩 을 비롯해 고춧가루 마늘 생강 등은 큰폭 하락했다 이를 포함한 전체 농축수산물 가격이 올라 소비자물가를 포인트 끌어올렸다 돼지고기가 국산쇠고기가 상승하는 등 축산물 가격도 올랐다 품목별로 살펴보면 농 축 수산물 가격이 상승했고 공업 제품은 하락했다 전기 수도 가스는 떨어졌으며 서비스 물가 상승률은 에 그쳤다 안형준 통계청 경제동향통계심의관은 최근 장마로 채소 가격이 상승했다 며 지난해 월과 비교했을 때 기저효과도 작용했다 고 밝혔다 지난해 월부터 순차적으로 진행 중인 교육 분야 정책 요인 코로나 이후 월 저점을 기록한 뒤 여전히 낮은 수준인 국제유가 석유류와 연동된 도시가스 가격의 인하 사회적 거리두기에 따른 외식물가 상승폭 둔화 등이 저물가의 원인이라고 그는 설명했다 전문가들은 이처럼 코로나 영향 등으로 저물가가 지속되고 있지만 장마가 월까지 이어지면서 신선식품 중심의 밥상물가는 추석물가까지 고공행진을 지속할 가능성이 높다고 전망했다 장마가 길어지면 신선식품은 병해가 늘어날 가능성이 크다는 것 이 때문에 병해 때문에 가격 오를 여지가 높은 상황이다 결국 출하물량 감소로 최상품의 도매가격은 상승하고 날씨 영향에 품질이 더 떨어진 중하품 가격은 하락하는 등 양극화가 심해질 것으로 예상된다 연 심의관은 월 소비자물가는 장마 태풍 등 기후여건 및 향후 코로나 전개양상 등이 주요 변수로 작용할 전망 이라며 정부는 소비자물가 흐름 및 물가 상 하방 리스크 요인을 면밀히 모니터링하면서 우리 경제에 미치는 영향을 종합적으로 점검하고 대응해 나갈 계획 이라고 강조했다 이연춘기자 네이버 채널에서 아이뉴스 를 구독해주세요 재밌는 아이뉴스 영상보기 아이뉴스 바로가기 아이뉴스 무단전재 및 재배포 금지 "
"2"," 오류를 우회하기 위한 함수 추가 코로나 서민생계지원위원회 대구시만 천 명 조사 결과지난 차 생계자금 지원이 도움됐다는 응답 지난달 일 권영진 대구시장이 대구시청에서 차 생계자금 지급 관련 대시민 담화문을 발표하고 있다 우태욱 기자 대구시민 대다수가 모든 시민을 대상으로 하는 차 긴급생계자금을 찬성하는 것으로 나타났다 앞으로 지급 시기는 추석 이전이 좋다는 응답이 주를 이뤘다 일 대구시에 따르면 코로나 서민생계지원위원회가 지난달 일 한국고객만족경영학회에 의뢰해 대구시민 천 명을 대상으로 조사한 결과 모든 시민에게 지원하는 차 긴급생계자금을 가 찬성했다 지급 시기는 추석 전 지급이 적절 더 빠른 시기 지급 필요 등 추석 이전 지급이 좋다는 의견이 를 차지했다 지급수단은 현금 계좌이체가 로 가장 많았고 신용 체크카드는 였다 는 어떤 수단이든 상관없다 라고 답했다 지난 월 중위소득 이하 가구에 지급한 차 생계자금이 생활안정에 도움이 됐다는 응답은 로 나타났다 이 중 다소 도움됐다 가 였고 매우 도움됐다 도 였다 향후 대응과제로는 응답자의 가 코로나 방역 및 경제살리기 병행 을 꼽았고 경제살리기 우선 이 코로나 방역이 우선 이 로 응답했다 김태일 코로나 서민생계지원위원회 위원장은 차 생계자금과 정부 긴급재난지원금 효과가 사라지기 전에 차 생계자금을 지급해 회복의 불씨가 끄지지 않도록 해야 한다 며 차 생계자금을 추석 전 지급할 수 있도록 준비하고 있다 고 했다 서광호 기자 네이버에서 매일신문 구독하기 매일신문 네이버 바로가기 매일신문 "
"3"," 오류를 우회하기 위한 함수 추가 일주일만에 배추 배 청경채 배 과일도 수확량 줄어 도매가격 오름세병해 낙과 부패 등 각종 피해 커 앞으로 두달간은 줄인상 예상 돼 추석 김장 물가까지 영향 줄 듯 폭우에역대급 장마로 국내 농산물 수급이 불안정해지면서 도매가격이 최고 배씩 오르며 요동치고 있다 농가들의 피해 복구 작업이 더뎌질 경우 추석 식탁물가에도 상당한 영향을 미칠 것으로 예상된다 일 농협 하나로마트 경기 연천점에 야채들이 진열돼 있다 한주형 기자 전국을 휩쓸고 있는 기록적 폭우에 농산물 가격도 급등세를 보이고 있다 평년보다 훨씬 길고 많은 양의 비가 이어지면서 농작물이 큰 피해를 입거나 출하가 원활치 못한 탓이다 일부 채소들은 도매가격이 불과 일주일 사이 배 가량 뛰었고 소매가격도 줄인상될 것이라는 전망이 나온다 기상청에 따르면 최소한 다음주 중반까지는 비가 계속될 것으로 보여 피해 농가들의 복구도 미뤄질 수 있어 추석 가을 물가에도 작지 않은 영향을 끼칠 것으로 염려된다 일 서울시농수산식품공사에 따르면 가락시장에서 이날 새벽 거래된 주요 채소류들의 도매가격 대부분이 직전 주인 월 일 대비 큰 폭으로 상승한 것으로 나타났다 지난 한 주간 흡사 열대지방 우기 를 연상케하는 긴 장마로 출하량이 큰폭으로 감소하고 상품질이 대체적으로 저하된 탓이다 가장 많이 오른 것은 엽채소인 비타민 이다 한 상자 가 만 원에 거래됐는데 전주 대비 무려 배나 오른 가격이다 배추얼갈이 한 상자 는 일주일만에 배 상승한 만 원에 거래됐다 청경채 한 상자 가격도 배나 올랐다 가락시장에서 근무하는 한 경매사는 하우스가 물에 잠기거나 비 피해를 크게 입으신 농민들이 많아 수확량 자체가 줄고 시세가 오르고 있다 며 당장 비 피해를 입지 않은 농가라 해도 높은 습도와 온도 때문에 썩어 산지에서 폐기처분하는 채소들도 많아질 것 이라고 말했다 그는 피해 복구가 이뤄질 때까지 앞으로 두달 정도는 시세가 오를 수밖에 없다 며 추석 물가에도 충분히 영향을 끼칠 것 이라고 덧붙였다 특히 배추 가격의 상승은 다가오는 늦가을 김장 물가에까지 영향을 줄 수 있다 예년보다 배추 출하량이 줄어든데다 장마로 인한 병해 확대까지 겹친다면 금배추 가 될 수 있다는 우려도 나온다 한은수 한국농촌경제연구원 엽근채소팀장은 장마가 길어지면 배추 부분은 병해가 늘어날 가능성이 크다 병해 때문에 가격 오를 여지가 높다 면서 배추는 올해 월 출하량이 장마와 관계없이 예년보다 감소한 상황인데 이미 줄어든 출하량에 장마가 길어지면 가격변동에 영향을 더 크게 줄 수 있다 고 말했다 우리 식탁에 비교적 자주 오르는 채소인 애호박 가격도 크게 뛰고 있다 애호박은 비가 많이 오면 수정 이 되질 않아 낙과가 많이 발생하는데 이때문에 장마는 애호박의 천적이라 불린다 한국농수산식품유통공사에 따르면 월 일 기준 애호박 한 상자 개 도매가격은 일주일 전보다 오른 만 원에 거래됐다 과일류도 적잖은 영향을 받고 있다 서울시농수산식품공사의 일 기준 사과 부사 한 상자 의 도매가격은 만 원으로 전주 대비 상승했다 여름철 대표 과일인 복숭아 월미 한 상자 는 만 원으로 전주보다 높은 가격에 거래됐다 윤종열 한국농촌경제연구원 과일과채관측팀장은 비가 많이 내리면 당도가 떨어지기 때문에 과일류 작황에 문제가 생길 수밖에 없다 며 수박 참외 등은 시설 재배가 대부분이라 외부 환경에 상대적으로 강한 반면 복숭아와 배는 올해 재배면적이 전년보다 감소한 데다 지난 월 냉해 피해를 입어 단위당 수확량이 줄어든 상태 라고 말했다 윤 팀장은 출하물량 감소로 상 上 품의 도매가격은 상승하고 날씨 영향에 품질이 더 떨어진 중 하품 가격은 하락하는 등 양극화가 심해질 것 이라고 덧붙였다 장마 직후 예고되는 불볕더위도 과일 가격을 끌어올릴 변수가 될 전망이다 뙤약볕이 내리 쬐면 과피가 얼룩지거나 병해충이 발생할 수 있어서다 갖은 이유로 수확량이 줄면 가격은 오를 수밖에 없다 한편 수산물 수급도 영향을 받는 것으로 파악됐다 롯데마트에 따르면 폭우로 남해지역 양식장 바닷물 염분 농도가 낮아지면서 바지락과 홍어 등 수산물이 별도의 검사를 필요로 하는 상황인 것으로 전해졌다 롯데마트 관계자는 품질에 영향이 있을 수 있어 상품 수급에까지 영향을 미칠 염려가 있다 고 말했다 대형마트들은 농산물의 경우 산지와 사전에 일괄 계약을 통해 적정량의 물량을 확보하는 만큼 이번 폭우가 당장 소매가 변동에는 큰 영향을 주지 않을 것이라고 내다봤다 그러나 밭이 유실되는 등 산지의 비 피해가 커지면서 향후 가격 변동 가능성은 배제할 수 없는 상황이라는 점을 우려했다 이마트 관계자는 월 말부터 장마비가 이어지고 앞으로 태풍도 예고돼 농산물 수확 작업이 늦어지고 있다 며 특히 가을에 수확 예정인 과일이나 채소의 경우 지역별로 비 피해가 심할 경우 하반기 도매가가 상승할 가능성도 있어 소비자 물가 변동에 대비하기 위해 예의주시하고 있다 고 말했다 김효혜 기자 박대의 기자 심희진 기자 네이버 메인에서 매일경제 를 받아보세요 매일경제 바로가기 뉴스레터 매콤달콤 구독 매일경제 무단전재 및 재배포 금지 "
"4"," 오류를 우회하기 위한 함수 추가 중앙재난안전대책본부는 철도 이용 수요가 증가하는 추석 연휴 기간 의 해외입국자 전용칸을 축소 운영한다고 밝혔습니다 중대본은 오는 월 일부터 월 일까지 운행노선과 횟수를 축소하지 않는 범위에서 산천은 지금처럼 해외입국자 전용칸을 량으로 유지하며 은 전용칸을 편당 량에서 량으로 축소 운영할 예정입니다 중대본 관계자는 추석 연휴 국민들의 불편을 최소화하고 해외입국자 수송지원에도 문제 없도록 철저히 관리하겠다 고 설명했습니다 박윤수 기자 저작권자 무단복제 재배포 금지 네이버 홈에서 뉴스 채널 구독하기 새로움을 탐험하다 엠빅뉴스 똑똑 스튜디오 복잡한 세상 똑똑하게 살자 "
"5"," 오류를 우회하기 위한 함수 추가 니시무라 재생상 신중하게 생각해야 감염 확산 가능성 스가 관방장관 감염 방지 철저히 하면 리스크 매우 낮아 도쿄 연합뉴스 김호준 특파원 신종 코로나바이러스 감염증 코로나 이 재차 확산하는 일본에서 이달 중순 오봉 한국의 추석 연휴 기간 귀성을 놓고 코로나 대책 주무장관과 정부 대변인인 관방장관이 엇갈린 메시지를 내놓았다 일 산케이신문과 교도통신에 따르면 니시무라 야스토시 西村康稔 경제재생 담당상은 전날 기자회견에서 오봉 귀성에 대해 코로나 감염이 확산할 우려가 있어 신중하게 생각하지 않으면 안 된다 고 말했다 일본의 오봉은 한국의 추석 때처럼 귀성해 성묘하고 가족들이 만나 함께 시간을 보내는 명절이다 법정 공휴일은 아니지만 양력 월 일을 전후로 기업별로 일 이상 쉬고 대부분의 직장인은 이 기간에 맞춰 여름 휴가를 떠난다 기자회견 하는 니시무라 야스토시 일본 경제재생 담당상 도쿄 교도 연합뉴스 니시무라 야스토시 일본 경제재생 담당상이 월 일 오후 도쿄에서 신종 코로나바이러스 감염증 코로나 에 관해 기자회견을 하고 있다 코로나 대책을 담당하는 니시무라 재생상은 가족들이 고향집에서 함께 식사하면 무증상인 젊은 사람이나 아이로부터 고령자에게로 감염이 확산할 가능성이 있다 고 우려했다 실제 일본에선 전날까지 닷새 연속으로 하루 천명대 코로나 확진자가 나와 도도부현 都道府縣 광역자치단체 의 경계를 넘어 이동하는 행위에 대한 경계심이 커지고 있다 그러나 정부 대변인인 스가 요시히데 菅義偉 관방장관은 전날 프로그램에 출연해 오봉 귀성 시즌에 도도부현의 경계를 넘어 이동하는 것에 대해 마스크 착용이나 손 씻기 등 방지책을 철저히 하면 감염 리스크는 매우 낮다 고 입장을 내놓았다 일본 정부가 코로나 확산 방지를 위한 뚜렷한 대책을 내놓지 못해 지자체가 독자적으로 대응하는 상황에서 오봉 귀성을 놓고도 엇갈린 신호를 발신한 셈이다 도도부현의 경계를 넘는 것에 대해서도 일부 지자체는 자제를 호소하고 있지만 중앙 정부는 이를 제한하지 않고 있어 국민들이 혼란을 겪고 있다 노 마스크 기자회견 하는 스가 장관 도쿄 교도 연합뉴스 스가 요시히데 일본 관방장관이 월 일 신종 코로나바이러스 감염증 코로나 예방을 위해 착용해온 마스크를 벗은 채 기자회견을 하고 있다 심지어 일본 정부는 국내 관광 활성화 사업인 고투 트래블 을 계속 진행한다는 입장을 고수하고 있다 스가 장관은 전날 프로그램에서 고투 트래블에 대해 지역경제를 지탱하는 관광업이 빈사 상태라고 해도 과언이 아닐 정도로 매우 어려운 상황에 있다 며 계속 추진 의사를 밝혔다 관광전략실행추진회의 의장도 맡은 스가 장관의 간판 정책은 관광이다 코로나 속보는 네이버 연합뉴스 구독 클릭 팩트체크 검찰총장 힘빼고 장관권한만 강화 제보하기"
"6"," 오류를 우회하기 위한 함수 추가 추석기간 동안 경기도 지역감염자 수 예측감염자 수 감소를 위한 정책 제언 제시 총 상금 만원 파이낸셜뉴스 수원 장충식 기자 경기도와 경기도경제과학진흥원은 데이터에 기반 해 추석 명절 코로나 확진자수를 예측하는 데이터 기반 추석 대비 코로나 예측 공모전 을 개최한다고 일 밝혔다 이번 공모전은 현재 전 세계적으로 이슈가 되고 있는 코로나 에 대한 경각심 제고와 데이터 활용 문화 조성을 위한 것으로 코로나 재 확산 방지를 위한 다양한 정책 제언도 포함한다 공모전 주제는 추석기간 동안 경기도 내 코로나 지역감염 확진자 수 예측 및 감염을 줄이기 위한 정책 제언 으로 경기도민 또는 경기도 소재 대학 원 생 기업 임직원이면 누구나 참여할 수 있다 참여자는 경기도감염병관리지원단에서 매일 공개되는 기본 제공 데이터와 자체적으로 수집 가능한 데이터를 활용해 추석기간 동안 발생할 경기도 내 지역 감염자수를 예측하고 다양한 변수 투입을 통해 감염자 수를 줄이기 위한 정책제언을 결과물로 제출해야 한다 총상금은 만원으로 최우수 팀 우수 팀 장려 팀을 선정할 계획이다 평가는 예측치와 실제 발생한 확진자수와의 비교를 통한 모델링의 정확성 분석 과정의 적절성 정책 제언의 실효성 등을 종합적으로 평가한다 신청기간은 월 일부터 월 일까지로 자세한 사항은 이지비즈를 통한 공고문을 참고하거나 경과원 차산업진흥팀으로 문의하면 된다 장충식 기자 헉 소리나는 스 토리 뉴스 헉스 아는 척 하고 싶은 당신을 위한 두유노우 저작권자 파이낸셜뉴스 무단 전재 재배포 금지 "
"7"," 오류를 우회하기 위한 함수 추가 산재 가입 확대 가림막 설치 물량축소 요청제 명문화 경향신문 일 서울 종로구 참여연대에서 시민사회단체 관계자들이 택배노동자 과로사 대책위원회 출범 기자회견을 하고 있다 연합뉴스지난 일 경남 김해지역 대한통운 택배노동자 서모씨 가 심근경색으로 숨졌다 서씨는 코로나 확산이 본격화한 이후 택배 물량 증가로 인한 피로감을 호소해 왔지만 병원을 찾을 시간조차 없었다 황금연휴 기간이었던 지난 월 일에는 광주에서 일하던 대한통운 택배노동자 정모씨 가 집에서 잠을 자던 중 의식 불명에 빠진 뒤 숨졌다 코로나 확산 이후 개월여 동안 숨진 택배노동자가 확인된 경우만 명이다 택배노동자들은 이번처럼 과로사가 연이어 발생한 적이 없다 고 말했다 택배업계에 따르면 코로나 이후 국내 전체 택배 물량은 기존 대비 약 증가한 것으로 추정된다 택배노동자는 명목상 개인사업자 신분인 특수고용노동자이다 보니 물량이 늘어나도 휴식시간을 법으로 보장받지 못한다 비대면 구매 확산이 누군가의 목숨을 위협하고 있는 것이다 더 큰 문제는 이제부터다 늘어난 물량이 줄어들지 않는 상황에서 장마 후 폭염이 예상되고 있다 추석과 연말을 앞둔 월은 연간 택배 물량이 가장 많은 시기다 아무런 대책이 없다면 택배노동자 과로사가 계속될 수 있다는 우려가 나오는 이유다 일 노동계와 시민단체 진보정당들이 서울 종로구 참여연대에서 기자회견을 열고 택배노동자 과로사 대책위원회 출범을 선언했다 대책위는 민관 공동위원회를 만들어 정부 택배사 대책위가 함께 과로사 방지책 마련을 위해 머리를 맞대자고 제안했다 택배노동환경에 대한 정부 차원의 실태조사가 필요하다고도 밝혔다 택배노동자 산재보험 가입률을 높일 방안 마련과 땡볕에서 진행하는 상하차 작업 시 가림막을 설치해달라는 것도 요구사항이다 김세규 택배연대노조 교육선전국장은 코로나 시기에만이라도 이른 아침부터 점심 무렵까지 진행되는 택배 분류작업에 대체인력을 투입해 줄 것을 택배사에 요청하고 있다 며 또한 당일배송 원칙을 완화해 남은 택배를 물량이 적은 날 배송할 수 있도록 해야 한다 고 했다 업계에서도 과로 예방 대책을 내놨다 이날 대한통운은 물량축소 요청제 를 업계 처음으로 명문화한다고 밝혔다 지금까지 택배노동자가 관행적으로 대리점과 구두 협의를 통해 배송 물량 및 시간을 조정해 오던 것을 표준계약서에 명시함으로써 더 적극적으로 택배노동자 권익을 보호하겠다는 취지의 대책이다 앞서 대한통운 등 개 주요 택배사는 다음달 일을 사상 최초로 택배 없는 날 로 정했다 이에 따라 택배노동자들은 월 일 최장 일간의 휴식이 가능해졌다 정대연 김지원 기자 장도리 그림마당 보기 경향신문 바로가기 경향신문 구독신청하기 경향신문 무단전재 및 재배포 금지"
"8"," 오류를 우회하기 위한 함수 추가 새로 나올 증류식소주는 공용브랜드와 공용병을 사용해 원가를 절감해 가격을 원 수준으로 낮춘다는 계획이다 사진은 증류식 소주병 농촌진흥청 제공국산쌀과 우리 효모로 만든 증류식 전통 소주가 추석 전인 월께 전국에 출시된다 우리나라 소주시장은 희석식소주가 시장의 를 차지해 증류식 소주는 소비량이 매우 적다 농촌진흥청은 앞으로 이 소주를 통해 우리나라에도 증류식 소주 소비붐을 일으킨다는 계획이다 농촌진흥청은 증류식 소주의 대중화를 위해 년부터 전통 증류소주 대중화 프로젝트 를 시작했으며 그 첫 성과물이 월에 출시된다 고 일 밝혔다 이 소주는 경기도 가평과 강원 강릉 충남 당진 제주 성산포에서 생산된 쌀과 이라는 소주용 전용 효모로 제조했으며 기존 희석식 소주와 달리 주정을 쓰지 않고 우리 농산물을 발효시키고 증류해 만들었다 농촌진흥청은 현재 병당 만 원 정도의 증류식 소주를 원대에 판매해 사람들이 대중적으로 즐길 수 있도록 한다는 계획이다 지역별 생산업체는 강릉 자연과사람들 당진 순성왕매실영농조합 가평 우리술 제주 제주바당 등 곳이다 현재 시중에서 소비되는 희석식 소주는 수입 농산물로 제조한다 희석식 소주용 주정 중 를 외국에서 수입하고 나머지 국내에서 생산되는 주정도 대부분 타피오카나 쌀 등 수입 농산물로 만든다 농촌진흥청은 이번에 증류 소주용 효모 을 선발했다 전국에서 수집한 다양한 누룩에서 발효 능력이 우수한 효모를 분리하고 알코올 내성 당분 소비율 관능적 특성 등 가지 검정 과정을 거쳤다 또 쌀을 찌는 과정없이 생쌀가루 그대로 활용해 시간과 비용을 절감한 생쌀 발효법을 개발했다 원료 처리 방법 재료 배합 비율 발효 기술 증류 방법 등 생산 기술도 표준화했다 이와 함께 증류식 소주의 가격 경쟁력을 확보하기 위해 생산자 조직체인 우리소주연합 결성도 지원했다 우리소주연합은 재료 구입을 비롯해 공용병 제작 홍보 마케팅을 공동으로 진행한다 농촌진흥청 발효가공식품과 최준열 과장은 이번에 출시되는 전통 증류식 소주가 우리나라 전통 소주 시장에 새바람을 불러일으킬 수 있도록 기술지원을 아끼지 않겠다 라고 말했다 김덕준 기자 네이버에서 부산일보 구독하기 클릭 터치 부산 앱 출시 부산일보 지면을 내 손 안에 부산일보 홈 바로가기 "
"9"," 오류를 우회하기 위한 함수 추가 고려대 정문 및 본관 전경 고려대 제공 서울 연합뉴스 문다영 기자 고려대는 신종 코로나바이러스 감염증 코로나 확산을 막고자 학기 수업과 성적평가를 정부의 사회적 거리두기 단계에 따라 운영하기로 했다고 일 밝혔다 아울러 올해 추석 연휴 직후 주간은 사회적 거리두기 지침과 상관없이 온라인 수업을 하기로 했다 사회적 거리두기 단계에서는 실시간 온 오프라인 병행수업 을 기본으로 하는 제한적 대면수업과 대면 시험이 원칙이다 실시간 온 오프라인 병행수업은 일부 대면 수업에 참석하는 수강생을 대상으로 강의실 수업을 진행하면서 그 상황을 실시간 중계해 온라인으로도 수업에 참여할 수 있도록 하는 방식이다 사회적 거리두기 단계에서는 전면 온라인수업을 시행하며 성적평가는 비대면 시험으로 하거나 과제물로 대체한다 대면시험은 치르지 않는다 추석 연휴 직후 주간 월 일 월 일 은 온라인 수업을 원칙으로 하고 대면 수업은 제한하기로 했다 추석 연휴에 전국적인 이동으로 코로나 감염이 확산할 위험이 있기 때문이다 대면시험 시행을 위해 시험 기간은 주간으로 변경됐다 중간시험은 월 일부터 월 일까지 기말시험은 월 일부터 일까지 치른다 코로나 속보는 네이버 연합뉴스 구독 클릭 팩트체크 빌 게이츠의 덕담 韓코로나 백신개발은 제보하기"
"10"," 오류를 우회하기 위한 함수 추가 전남대 교수 명 견책처분 취소소송 승소교육부 부정청탁금지법 위반 징계 사유 광주지법 학생회 매년 추석 선물 관행도 혜택 기대했다고 보기어려워 원고 승소 전남대 전경 프리랜서 장정필 학과 학생회로부터 인당 만원 상당의 명절 선물을 받은 교수들이 일명 김영란법 위반 으로 징계를 받은 것은 부당하다는 법원 판결이 나왔다 해당 학과 학생회는 교수들에게 매년 추석 선물을 하는 관행이 있었고 학생 명당 원가량의 회비로 구입한 선물 액수로 볼 때 학생들이 교수들에게 혜택을 기대했다고는 보기 힘들다 는 판단이다 광주지법 행정 부 부장 이기리 는 일 씨 등 전남대 교수 명이 전남대 총장을 상대로 낸 견책처분 취소 소송에서 원고승소 판결을 내렸다 고 밝혔다 재판부는 대학 측이 씨 등에게 내린 견책처분을 취소하라 고 주문했다 전남대에 따르면 씨 등은 년 월 추석을 앞두고 학과 학생회로부터 각각 만원 상당의 버섯 선물 세트를 개씩 받았다 교육부는 년 월 일 일 전남대 스승의 날 및 추석 명절 금품수수 의혹 관련 감사에서 이 사실을 확인했다 교육부는 부정청탁금지법을 위반했다고 보고 같은 해 월 대학 측에 씨 등을 경징계 처분하고 위반 사실을 과태료 관할 법원에 통보할 것 을 요구했다 대학 징계위원회는 씨 등에 대한 징계는 법원의 과태료 재판 이후 심의하기로 하고 광주지법에 해당 교수들의 부정청탁금지법 위반 사실을 통보했다 광주지법은 지난해 월 씨 등에게 과태료를 부과하지 않는다 고 결정했고 대학 징계위는 이를 토대로 지난해 월 씨 등에 대한 징계 의결 요구를 반려했다 하지만 대학 측은 반려 의결 형식과 사유가 적합하지 않다 며 다시 징계를 의결해 달라고 요구했다 결국 대학 징계위는 지난해 월 씨 등이 부정청탁금지법을 어겨 성실 청렴 품위유지 의무를 위반했다 며 견책 처분을 의결했고 대학 측은 이 의결에 따라 지난해 월 견책처분을 내렸다 이에 씨 등은 명절 선물이 원활한 직무 수행이나 사교 목적 선물 사회 상규에 따라 허용되는 금품에 해당하고 직무 관련성이 없어 부정청탁금지법 위반에 해당하지 않는다 법원도 같은 판단을 내렸다 며 견책처분 취소 소송으로 맞섰다 아울러 대학 측이 징계 의결 요구 반려 절차에 하자가 없는데도 교육부로부터 입학 정원 모집 정지를 당할 것을 염려해 징계 의결을 요구했다 고 주장했다 법원은 교수들 손을 들어줬다 재판부는 해당 학과 학생회는 예전부터 매년 학과 교수들에게 추석 선물 비용을 책정했고 이 예산을 통해 추석 선물을 하는 관행이 있었다 며 개강 총회에서 선물 예산에 대한 학생들의 승인을 얻었고 씨 등은 이 같은 관행에 따라 선물을 받은 것으로 보인다 고 밝혔다 학생회장이나 학과 학생들이 원고 교수 들로부터 어떤 혜택을 받을 것을 기대하고 전달한 것으로 보기 어렵다 는 취지의 판결이다 그러면서 금액적으로 보더라도 교수들은 학생 명으로부터 약 원 상당의 선물을 받은 것으로 볼 수 있어 사회적 비난 가능성도 크다고 보기 힘들다 고 덧붙였다 광주광역시 김준희 기자 넌 뉴스를 찾아봐 난 뉴스가 찾아와 그래서 팩트가 뭐야 궁금하면 팩플 세상 쉬운 내 돈 관리 그게머니 중앙일보 무단 전재 및 재배포 금지 "
"11"," 오류를 우회하기 위한 함수 추가 제 회 제주도 추경안 확정 총 억원 확보가구당 차등 지급 아닌 개인별 일괄 지급키로지난 월 일 오전 제주시 노형동주민센터에서 시민들이 제주형 재난긴급생활지원금 신청을 하고 있다 뉴스 오현지 기자 제주 뉴스 오미란 기자 제주도민이면 추석 전 만원의 제주형 제 차 재난긴급생활지원금을 받을 수 있게 될 것으로 보인다 일 제주도와 제주도의회에 따르면 도는 전날 년도 제 회 도 추가경정예산안 이 도의회 본회의를 통과함에 따라 총 억원의 제주형 제 차 재난긴급생활지원금 예산을 확보했다 이는 지난 월 회 추경 때 확보한 억원에 이번 회 추경에서 추가 확보한 억원을 더한 액수다 도는 빠르면 월 말 늦으면 월 초부터 한 달간 제주형 제 차 재난긴급생활지원금을 지급한다는 계획이다 월 일부터 시작되는 추석 전 지급을 마치겠다는 게 현재 도의 목표다 해당 지원금은 소득과 연령에 관계 없이 모든 제주도민에게 인당 만원씩 전액 현금으로 지급된다 인 가족이면 만원을 지급받는 구조다 중위소득 이하 세대를 기준으로 가구당 최소 만원에서 최대 만원까지 차등 지급됐던 지난 월 차 지급 때와 비교하면 지급 방식이 크게 달라졌다 도는 지급 초기 많은 신청자가 몰릴 것에 대비해 온 오프라인 신청 시 부제를 적용하는 방안도 검토하고 있다 도 관계자는 코로나 장기화로 인한 지역경제 상황을 중점적으로 고려하면서 관련 계획을 수립하고 있다 며 내부 논의를 거친 뒤 조만간 발표하겠다 고 밝혔다 네이버 메인에서 뉴스 구독하기 뉴스 바로가기 코로나 뉴스 뉴스 코리아 무단 전재 및 재배포 금지 "
"12"," 오류를 우회하기 위한 함수 추가 대구 뉴스 권영진 대구시장이 일 오전 대구시청 상황실에서 신종 코로나바이러스 감염증 코로나 극복을 위한 차 생계자금 지급 관련 대시민 담화문을 발표하고 있다 뉴스 대구시는 신종 코로나바이러스 감염증 코로나 사태로 인한 경제적인 어려움을 극복하기 위해 차 긴급생계자금을 모든 시민에게 지급한다고 일 밝혔다 추석 전에는 지급을 완료하겠다는 게 대구시의 목표다 권영진 대구시장은 이날 담화문을 통해 대구시는 먼저 지급된 차 긴급생계자금과 정부긴급재난지원금에도 불구하고 여전히 어려운 시민의 삶에 버팀목이 될 수 있도록 전 시민에게 차로 생계자금을 지급하겠다 고 밝혔다 대구시는 차 긴급생계자금을 모든 시민에게 지급하기 위해 총 억 원 규모의 재원을 마련했다 시비 억 원 국비 억 원이다 재난대책비 정부긴급재난지원금 지방비 매칭 잔액 남아있는 재난 재해기금 등을 동원했다 시는 인당 만 원으로 기준을 세워 예산을 책정했다 단 모든 시민에게 인당 만 원을 똑같이 지급할 지 여부는 아직 결정되지 않았다 권 시장은 인당 만 원을 지급할지 여부는 코로나 서민생계지원위원회 에서 최종 결정하게 될 것 이라며 다만 예산을 마련할 때는 인당 만 원으로 생각했다 고 말했다 권영진 대구시장이 일 오전 대구시청 상황실에서 신종 코로나바이러스 감염증 코로나 극복을 위한 차 생계자금 지급 관련 대시민 담화문을 발표하고 있다 뉴스 대구시는 추석 전에 지급을 완료하겠다는 목표를 세웠다 권 시장은 추석 전에는 모든 시민들에게 지급이 완료돼서 추석을 보내는 데 도움이 되는 방향으로 완료가 됐으면 좋겠다는 바람 이라며 구체적인 부분들은 코로나 서민생계지원위원회 에서 결정하게 될 것 이라고 말했다 아울러 지난 차 생계자금이 코로나 로 인해 급격하게 어려워진 가구를 지원하기 위함이었다면 이번에는 코로나 의 장기화로 지역경제 전반에 발생한 충격을 완화하고 긴 고통의 시간을 잘 인내해주신 시민 여러분께 작은 위로가 될 수 있도록 전 시민에게 골고루 지원할 예정 이라고 했다 그러면서 이번 차 생계자금은 코로나 서민생계지원위원회 를 통해 시민사회의 충분한 의견수렴 절차를 거쳐 구체적인 지원방법 및 절차를 마련하고 차 지급 시 발생한 우려사항을 보완해 시민 여러분께 불편함이 없도록 철저히 준비하겠다 고 덧붙였다 정봉오 동아닷컴 기자 네이버에서 동아일보 채널 구독하기 집 볼 때 쓰는 메모장 집보장 동아일보 무단 전재 및 재배포 금지 "
"13"," 오류를 우회하기 위한 함수 추가 예산 홍성 대전 김화영 기자 충남도 감사위원회충남도가 하계휴가철 및 추석명절 기간 공직기강 확립을 위한 공직감찰 활동을 강화한다 충남도 감사위원회는 일부터 오는 월 일까지 하계휴가철 및 추석명절 대비 공직 감찰 을 실시한다고 밝혔다 이를위해 개반 명으로 감찰반을 구성해 본청과 직속기관 및 사업소 출자 출연기관 개 시군을 대상으로 감찰을 실시할 방침이다 도 감사위원회는 복무관리 주무부서인 운영지원과와 도 본청 감찰을 합동으로 실시해 역할 분담을 통해 시너지 효과를 낸다는 계획이다 구체적인 감찰 범위는 공직비리 공직기강 복무실태 비상대비 부정청탁 안전대책 등 개 분야이다 특히 근무시간 미준수 및 무단이탈 허위 시간외근무와 출장 등 복무실태를 집중적으로 살필 방침이다 충남도 김종영 감사위원장은 공직자의 본분을 망각한 청탁금지법 및 공무원 행동강령 위반사례에 대해서 철저히 감찰할 예정 이라며 이번 공직감찰을 통해 공직기강을 확립 도민에게 신뢰받는 공직상을 적립하겠다 고 말했다 확 달라진 노컷뉴스 클릭 한 번이면 노컷뉴스 구독 보다 나은 세상 노컷브이와 함께 저작권자 노컷뉴스 무단전재 및 재배포 금지 "
"14"," 오류를 우회하기 위한 함수 추가 일 대구시 차 생계자금 담화문 발표이르면 다음달 말부터 집행 계획 시민사회 의견수렴 절차 마련 권영진 대구시장이 일 오전 차 생계자금 지급 관련 대시민 담화문을 발표하고 있다 우태욱 기자 올 추석을 앞둔 모든 대구시민에게 만원 상당의 차 긴급생계자금이 지급될 전망이다 대구시는 이르면 다음 달 말부터 집행이 가능할 것으로 내다보고 있다 일 절박함이 만드는 큰 희망 이라는 제목으로 차 생계자금에 대한 대시민 담화문을 발표한 권영진 대구시장은 고강도 세출 구조조정과 남아있는 재난 재해기금을 총동원해 시비 천 억원에 국비 억원을 더한 천 억원 규모의 재원을 마련했다 며 긴 고통의 시간을 인내해주신 시민들에게 작은 위로가 될 수 있도록 전 시민에게 골고루 지원할 예정이다 라고 밝혔다 권 시장은 차 생계자금에 대해 소비를 진작시키는 경제적 효과와 더불어 공동체의 연대와 협력을 모으는 사회적 효과도 있다고 강조하면서 인당 만원으로 생각하고 예산을 마련했다 며 추석 전에 지급이 완료되길 희망한다 고 말했다 다만 긴급생계자금의 구체적인 지원 방법 및 절차는 코로나 서민생계지원위원회 를 통해 시민사회의 충분한 의견수렴 절차를 거쳐 결정하기로 했다 지원위는 학계와 시민단체가 참여하는 시정 자문기구로 김태일 영남대 교수가 위원장을 맡고 있다 이미 지난 일 차 회의를 한 지원위는 정부와 경기도 등의 보편적 지급 사례를 공유하고 현금 카드 등 지급수단과 의미에 맞는 명칭변경안 등을 논의했다 구민수 기자 네이버에서 매일신문 구독하기 매일신문 네이버 바로가기 매일신문 "
"15"," 오류를 우회하기 위한 함수 추가 무소속 홍준표 의원이 지난 월 일 대한민국 미래혁신포럼 대 국회 개원기념 특별강연에서 인사말을 하는 모습 서울 뉴스 박태훈 선임기자 무소속 홍준표 의원은 대구시가 추석을 맞아 인당 만원씩 차 재난지원금을 지급하기로 한 것에 대해 이재명 경기지사의 무상지급쇼 를 따라하는 어이없는 정책이라고 철회를 요구했다 홍 의원은 일 자신의 페이스북에 대구시가 추석을 앞두고 억을 들여 대구 시민 인당 만원씩 무상 지급을 하기로 했다 며 이는 이재명 경기지사의 청년수당 무상 지급쇼를 모델로 한 정책으로 보인다 고 지적했다 그는 만원이면 추석 제사상 차리기에도 턱없이 모자라는 돈일 뿐만 아니라 무슨 자식들에게 세뱃돈 주는 것도 아니지 않는가 라며 대구시 결정은 참 어이없다는 느낌이 든다 고 비판했다 홍 의원은 그 돈이면 감염병 연구센터도 지을수 있고 억짜리 낙후된 주민 복지 회관도 채나 지을수 있고 대구의 낙후된 인프라 재건에도 큰 도움이 된다 면서 그런 거액을 생계에 큰 도움도 되지 않는 회성 용돈 뿌리기에 낭비한다는 것은 대구 시민들을 위한 제대로 된 정책 집행이 아니다 고 강조했다 그러면서 시민 세금을 과연 그렇게 사용하는 것이 맞는지 한번 재검토해볼 여지가 있지 않을까 라는 말로 거둬들이라고 했다 네이버 메인에서 뉴스 구독하기 뉴스 바로가기 코로나 뉴스 뉴스 코리아 무단 전재 및 재배포 금지 "
"16"," 오류를 우회하기 위한 함수 추가 한국경제 이영호 기자 이인영 통일부 장관 후보자는 대북전단 살포에 대해 반드시 중단될 필요가 있다 는 입장인 것으로 확인됐다 또 약품 식량 등 인도적 물자를 물물교환 방식의 작은 교역 을 통해 대북 지원하는 방식을 병행하겠다는 구상도 갖고 있는 것으로 나타났다 이 후보자는 일 국회 외교통일위원회 소속 더불어민주당 김영호 의원실에 제출한 인사청문회 서면 질의 답변서에서 대북전단 살포는 남북관계 개선이라는 관점에 앞서 접경지역 주민의 생명 안전 재산에 심각한 위험을 초래한다는 점에서 반드시 중단이 필요하다 고 밝혔다 그러면서 접경지역의 안전을 위해 대북전단 살포행위를 엄정 단속해야 하고 국회와 협의해 금지 입법 등 근본적 해결을 위한 제도화를 추진하겠다 고 밝혔다 대북 식량지원에 대해 이 후보자는 남북 간에 먹는 것 아픈 것 죽기 전에 보고 싶은 것에 대해서는 어떤 정치적 안보적 계산 없이 중단없는 협력이 필요하다 고 밝혔다 그는 북한 주민에 대한 인도적 협력이 필요하다면 적기에 실질적인 협력을 추진할 필요가 있다 고 강조했다 인도적 협력과 더불어 약품 식량 등 인도적 물자에 대한 물물교환 방식의 작은 교역과 같은 상호 호혜적 방식도 병행할 예정 이라고 말했다 보건의료 협력과 관련해서는 북한의 관심이 높은 평양종합병원 등 병원시설 의료인력 개선 개성이나 비무장지대 에 남북생명보건단지 구축 등 포괄적 체계적 협력 시스템을 구축하기 위한 남북협의도 시급한 과제 라고 꼽았다 그러면서 지난해 대북제재를 앞세운 미국측의 요구로 남측의 타미플루 대북 지원이 지연된 것과 같은 사태가 다시는 재연되지 않도록 할 것 이라고 강조했다 한미합동군사훈련에 대해서는 전략적인 검토가 필요하다는 입장을 밝혔다 이 후보자는 한미합동군사훈련은 한반도 긴장요인으로 작용하지 않고 남북대화와 북미대화를 촉진하는 방향에서 전략적인 관리가 필요하다 고 말했다 그는 전시작전통제권 전환 추진계획이 차질없이 진전되려면 훈련 규모를 조정해서라도 실시해야 한다는 측면을 인정하면서도 유엔 안전보장이사회가 신종 코로나바이러스 감염증 코로나 국면에서 즉각적인 휴전을 촉구하고 있는 상황이므로 이런 코로나 에 따른 현실적 제약을 고려하면서 전략적으로 검토해야 한다 고 했다 이산가족과 관련해서는 올해가 이산가족 상봉 주년인 만큼 추석에 이산가족 상봉을 추진할 수 있도록 북한과 협의를 추진하겠다 는 계획을 밝혔다 이어 코로나 상황으로 금강산에서의 대규모 상봉이 어렵다면 판문점에서 가족씩 소규모로라도 나눠 만나고 즉시 추진할 수 있는 화상 상봉과 영상편지를 교환하는 방안부터 검토하겠다 고 덧붙였다 사진 연합뉴스 이영호기자 네이버 홈에서 한국경제 채널 구독하기 생방송보기 대한민국 재테크 총집결 증권 주식상담 부동산 한국경제 무단 전재 및 재배포 금지 "
"17"," 오류를 우회하기 위한 함수 추가 월 일 월 일 이용 얼리버드 패키지 일까지 공홈 무료 리워즈 멤버십 회원 대상 서울 뉴시스 롯데호텔 제주 서울 뉴시스 김정환 기자 제주 서귀포시 색달동 롯데호텔 제주가 얼리버드 상품 럭키 찬스 를 오는 일까지 공식 홈페이지에서 판매한다고 일 밝혔다 인파가 몰리는 여름 휴가철 대신 상대적으로 한산한 가을에 제주 여행을 준비하는 고객을 정조준한다 월 일부터 월 일까지 두 달 중 투숙 가능하다 특히 추석 연휴에도 이용할 수 있어 더욱더 가치가 있다 객실 박을 비롯해 제주 최대 여 평 규모 올데이 다이닝 레스토랑 더 캔버스 조식 인 이용 물놀이 필수템 인 스위밍 쿠션 개 선물 피트니스 클럽 무료 입장 사계절 야외 수영장 해온 어린이 놀이시설 키즈월드 제주공항 왕복 셔틀 버스 발렛 서비스 회 이용 등으로 구성한다 이틀 이상 연박 시 객실 내 미니바 회 무료 혜택이 추가된다 서울 뉴시스 롯데호텔 제주롯데호텔 제주 관계자는 고객이 이용할 수 있는 객실 선택 폭을 넓히는 데 주안점을 뒀다 고 전했다 성인 인 디럭스 룸 박 기준 만 원 세금 봉사료 별도 부터 이 패키지는 롯데호텔 무료 리워즈 프로그램인 롯데호텔 리워즈 에 회원으로 가입해야 구매 가능하다 서울 뉴시스 롯데호텔 제주한편 더 캔버스는 월 일 새롭게 문을 열었다 제주 팜 투 테이블 을 콘셉트로 신선한 제주산 제철 식자재로 요리한 시그니처 메뉴와 디저트 해산물 등 다양한 요리를 각 섹션에서 뷔페식으로 제공한다 제주 청정 자연을 형상화한 특유의 인테리어와 풍성한 음식들로 금세 입소문을 타며 새로운 제주 미식 명소로 인기를 끌고 있다 키즈 스테이션에는 호텔 업계 최초로 다이닝 프로젝션 맵핑을 도입해 보는 즐거움까지 더했다 공감언론 뉴시스 네이버에서 뉴시스 구독하기 유명 미술작품 가격 공개 뉴시스 빅데이터 주가시세표 바로가기 공감언론 뉴시스통신사 무단전재 재배포 금지 "
"18"," 오류를 우회하기 위한 함수 추가 자동차 조선업계 대표 현대차 현대중 엇갈리는 올해 임금교섭 전망현대차 울산공장 코나 생산라인 현대차 노조 제공 재판매 및 금지 울산 연합뉴스 김근주 기자 국내 최대 사업장으로 꼽히는 현대자동차와 현대중공업 노사 올해 임금교섭 전망이 엇갈린다 현대차 노조는 올해 초 실리 성향 집행부 출범 때부터 개월 내 타결 을 공약한 상태여서 빠른 타결을 예상하지만 현대중 노조는 아직 지난해 임금교섭마저 지지부진한 상태여서 올해 교섭 역시 늦어질 전망이다 현대차 노조는 이달 일 울산 북구 현대차 문화회관에서 임시 대의원대회를 열고 올해 임금교섭 요구안을 확정한다고 일 밝혔다 상급 단체인 금속노조가 기본급 만 원 인상 등을 결정한 상태여서 이와 비슷한 요구안이 통과될 가능성이 크다 다만 업계에선 노조가 신종 코로나바이러스 감염증 코로나 여파와 자동차 산업 패러다임 변화 등으로 고용 안정에 방점을 두고 임금 인상을 유연하게 대처한다는 취지를 우회적으로 표현해 온 만큼 노사가 입장 차이를 빠르게 좁힐 수 있을 것이라는 기대감이 적지 않다 게다가 현 노조 집행부는 출범 초기 뻥 파업 을 지양하고 대립적 노사 관계를 청산하자 고 밝힌 만큼 노사 갈등이 상대적으로 적을 것이라는 시각이 많다 노조는 일 대의원대회를 마무리하면 여름 휴가 직후인 다음 달 일 사측과 상견례하고 본격적인 교섭에 나설 계획이다 집중 교섭을 거쳐 추석 전인 월 말까지는 올해 임금교섭을 마무리하는 것이 목표다 노조는 그동안 각종 소식지 등을 통해 고객 눈높이 생산 만회 국민에게 희망을 주는 현대차 등을 강조해왔다 파업 집회하는 현대중공업 노조 울산 연합뉴스 현대중공업 노조가 임금협상 난항을 이유로 지난 일 부분 파업하고 울산 본사 안에서 집회하는 모습 현대중공업 노조 제공 재판매 및 금지 반면 현대중 노조는 올해 임금 및 단체협약 교섭 일정을 잡기가 쉽지 않다 지난해 월 시작한 년 임금교섭이 아직도 마무리되지 못해서다 노사는 최근까지 차례 만났으나 성과가 없다 지난해 회사 법인분할 물적분할 과정에서 빚어진 조합원 해고 등 징계 문제 사측이 노조를 상대로 제기한 손해배상소송 문제 등을 놓고 줄다리기가 이어지고 있다 노조는 올해 월 사측이 해고자 문제 성과금 산정 기준 등에 대한 노조 제안을 수용하면 법인분할을 인정하겠다는 취지로 제안했으나 회사는 받아들이지 않았다 회사 역시 최근 노조에 해고자 재입사 검토 파업 참여 징계자 천 여 명 해결 방안 모색 손해배상청구 금액 최소화 등을 제안했으나 노조는 회사 제안이 기존과 별반 다르지 않다는 입장이다 회사와 노조 모두 서로 교섭 장기화를 네 탓 으로 돌리고 입장 차이를 좁히지 못하면서 언제 잠정합의안이 나올지 예상하기 쉽지 않다 노조는 올해 들어 임금협상 관련 차례 부분 파업을 벌이기도 했다 현대중공업 노조 관계자는 일단 지난해 교섭부터 마무리하고 올해 교섭을 시작할 방침이다 며 올해 교섭 일정을 잡을 수 있는 단계는 아니다 고 말했다 코로나 속보는 네이버 연합뉴스 구독 클릭 팩트체크 백선엽 대전현충원 안장 홀대논란 제보하기"
"19"," 동영상 뉴스 오류를 우회하기 위한 함수 추가 오늘 미국 증시의 양대 관심사는 분기 성장률이 어떻게 나올 것인가와 아마존 애플의 실적이 어떻게 나올 것인가였는데요 분기 성장률이 추락했는데도 초반 하락폭을 대부분 회복했습니다 오히려 나스닥 지수는 올랐는데요 어떤 의미로 봐야 하는지 오늘은 이 문제를 알아보는 시간 마련했습니다 한국경제신문 한상춘 논설위원 이 자리에 나와 계십니다 오늘 미국 증시가 드라마틱하게 움직였는데요 그 움직임부터 정리해주시지요 美 증시 최대 관심사 분기 성장률 속보치 분기 분기 추락 예상치 앞서 발표된 獨 분기 성장률 기록 다우 성장률 발표 전후 하락 후 반등 나스닥 아마존 애플 실적 기대로 상승 전환 월 위기설 근거 분기 성장률과 실적 마무리 크레딧스위스 지수 년 안에 도달 궁금한 것은 분기 성장률이 로 추락했는데도 성장률 발표 이후 미국 주가는 반등하지 않았습니까 주가 성장률 절대치보다 경기 순환 중요 분기 성장률 발표 계기 경기 저점 분기로 확인 분기 성장률 발표 직후 차 경기 논쟁 일어 루비니의 자형 트럼프의 로켓형 사라져 차 논쟁 자형 자형 혹은 자형 주가 성장률 절대치보다 경기 순환 중요 분기 성장률 발표 계기 경기 저점 분기로 확인 아마존과 애플 실적발표 어닝 시즌 마무리 어닝 서프라이즈 지금까지 발표 기업 중 말씀대로 분기 성장률과 기업실적이 예상보다 좋게 나온 것은 증시 앞날과 관련해서 중요한 의미를 갖고 있지 않습니까 한국 코로나 확진자 수 증가 단계 월 중순 이후 한 달 간 리스크 장세 단계 월 중순 이후 두 달 간 유동성 장세 단계 뉴욕 경제활동 재개 후 펀더멘털 장세 지금까지 펀더멘털 장세 지표 개선보다 기대 기대 부합하는 지표 개선 있으냐 상승세 복귀 그 반대 상황이 전개되면 월 위기설 가시화 하루가 남았긴 합니다만 어제부로 분기 성장률과 기업실적 앞두고 제기했던 월 위기설이 얼마나 허황된 주장이었는지 평가해주시지요 월 위기설 코로나 피해 확인되면 주가 폭락 월 위기설 대공황보다 더 어려워 주가 추락 월 말 기점으로 미국과 중국 증시 판도 변화 월 일 월말 다우 상해 월 일 월 일 다우 상해 월 위기설 허구 또 다시 월 위기설 주장 주가는 심리다 하는 말이 있지 않습니까 월 위기설이 사라짐에 따라 곧바로 지수가 년 안에 이 간다는 장밋빛 전망이 나왔죠 일정 시간이 지나면 경기 개선되고 있다 견해 투자 심리도 낙관 쪽으로 옮겨오면서 차 상승기 이 추세가 지속되면 자산 가격 상승세에 대한 의문 낙관 쪽으로 몰렸던 쏠림이 흐트러져 차 조정 이때 경기가 뒤따라오느냐가 이후 주가 향방 중요 경기가 받쳐주면 주가 차 상승 아니면 과잉 조정 현재 미국 이외 다른 나라 경제 상황은 어떻습니까 미국보다 중국이 경제상황이 좋지 않습니까 코로나 전염성이 강한 뉴노멀 디스토피아 경제활동 재기 시기에 따라 경기 모습도 좌우 빨리 재개한 中 경제 분기 분기 다른 국가도 중국 경기 궤도를 따라갈 가능성 유로존 제조업 월 월 日 제조업 지수 월 월 韓 제조업 지수 월 월 말씀대로 월 위기설은 그야말로 설로 그쳤습니다만 앞으로 경기와 증시 앞날은 역시 코로나 문제가 가장 중요하지 않습니까 코로나 진정 위기 대처법이나 금융 안정책 확진자 수 나비효과 韓 中 감소 선진국 감소 中 코로나 발병지이자 경제활동 재개 첫 시작 경제활동 재개 후 차 대감염 바로미터 국가 통계신뢰 문제가 있긴 하지만 차 감염 통제 코로나 진정 위기 대처법이나 금융 안정책 美 코로나 확진자 수와 사망자 수 최대 피해국 코로나 백신 화이자 임상실험 결과 좋아 월 위기설에 시달린 투자자 입장에서는 다행입니다만 여전히 불안한 것은 사실이지 않습니까 분기 성장률과 실적이 마무리 되는 때에 어떻게 해야 하는지 말씀해주시지요 투자자 하루 이틀 흐름에 성급한 판단 자제 경기에 민감한 주식 필요한 때 단기 개인 투자자 트레이딩 관점서 차익실현 중장기 개인 투자자 주가 떨어질 때마다 매입 투자자 하루 이틀 흐름에 성급한 판단 자제 α 과 업종 지속적으로 매입해야 α 주목 비즈니스 제라미 시겔형 업종이 해당지금까지 한국경제신문 한상춘 논설위원이었습니다 네이버 홈에서 한국경제 채널 구독하기 생방송보기 대한민국 재테크 총집결 증권 주식상담 부동산 한국경제 무단 전재 및 재배포 금지 "
"20"," 오류를 우회하기 위한 함수 추가 통일부 장관 후보자 전략적으로 검토해야 이인영 통일부 장관 내정자가 일 국회 본회의에 출석 심각한 표정으로 동료 의원들과 이야기를 나누고 있다 윤동주 기자 이인영 통일부 장관 후보자의 인사청문회가 사흘 앞으로 다가온 가운데 이 후보자는 월 한미연합훈련의 축소 가능성을 시사하고 월 추석맞이 이산가족 상봉을 추진하겠다는 의지를 밝혔다 일 이 후보자는 국회 외교통일위원회 소속 더불어민주당 김영호 의원실에 제출한 인사청문회 서면 질의 답변서에서 한미합동군사훈련은 한반도 긴장요인으로 작용하지 않고 남북대화와 북 미대화를 촉진하는 방향에서 전략적인 관리가 필요하다 고 밝혔다 그는 유엔 안전보장이사회가 신종 코로나바이러스감염증 코로나 국면에서 즉각적인 휴전을 촉구하고 있는 상황 이라면서 코로나 에 따른 현실적 제약을 고려하면서 전략적으로 검토해야 한다 고 강조했다 내달로 예고된 한미연합훈련의 실시 여부와 규모는 한반도 국면 전환의 분수령이 될 것으로 점쳐진다 김정은 북한 국무위원장은 일 당 중앙군사위원회 제 기 제 차 확대회의와 비공개회의를 연달아 주재하며 전쟁억제력 강화 를 재차 강조했다 장기적으로 신형무기개발 등을 통한 국방력 강화에 나서는 한편 단기적으로는 월 한미연합훈련에 대한 경고성 메시지를 보낸 것이란 분석이 나왔다 이와 함께 이 후보자는 추석을 맞아 이산가족 상봉행사를 추진하겠다는 의지를 밝혔다 그는 올해가 이산가족 상봉 주년인 만큼 추석에 이산가족 상봉을 추진할 수 있도록 북한과 협의를 추진하겠다 고 말했다 이어 코로나 상황으로 금강산에서의 대규모 상봉이 어렵다면 판문점에서 가족씩 소규모로라도 나눠 만나고 즉시 추진할 수 있는 화상 상봉과 영상편지를 교환하는 방안부터 검토하겠다 고 했다 특히 북한의 호 사업 인 평양종합병원 건설과 연계한 아이디어도 내놨다 이 후보자는 북한의 관심이 높은 평양종합병원 등 병원시설ㆍ의료인력 개선을 위한 남북협의도 시급한 과제 라고 했다 남북관계 경색의 배경이 된 대북전단 살포 문제와 관련해서는 접경지역 주민의 생명 안전 재산에 심각한 위험을 초래한다는 점에서 반드시 중단이 필요하다 는 입장을 거듭 밝혔다 한편 이번 청문회에서는 이 후보자 자녀 씨의 각종 특혜를 둘러싼 공방 도덕성 논란이 예상된다 씨의 스위스 유학 비용 마련과 선발 과정에서 부모찬스 는 없었는지 군 면제 과정은 적절했는지 등이 주요 쟁점이다 씨가 무면허로 주류를 제조해 팔았다는 의혹도 제기된 상태다 김동표 기자 년 하반기 재물운 연애운 건강운 체크 네이버에서 아시아경제 뉴스를 받아보세요 놀 준비 되었다면 드루와 드링킷 경제를 보는 눈 세계를 보는 창 아시아경제 무단전재 배포금지 "
"21"," 오류를 우회하기 위한 함수 추가 년 월력요항 발표 현충일 광복절 개천절 일요일 겹쳐설날 연휴 한글날 성탄절도 토요일연휴 추석 일 설날 일 삼일절 일주 일제 근무자는 모두 일 쉬어과학기술정보통신부가 일 년 월력요항 을 발표했다 내년 공휴일은 주 일제 근무자의 경우 모두 일이다 게티이미지뱅크 제공내년 공휴일은 일요일을 포함해 일로 올해보다 사흘 줄어든다 또 주 일제 근무를 할 경우 총 휴일 수는 일로 올해보다 이틀 줄어든다 과학기술정보통신부는 일 년도 단기 년 우리나라 달력 제작의 기준이 되는 년 월력요항 을 발표했다 월력요항은 천문역법에 따른 정확한 날짜와 절기 관련 법령 등이 정하는 공휴일 등을 국민이 일상생활과 각종 활동에 활용할 수 있도록 천문법에 따라 해마다 발표한다 내년 달력에 빨간색으로 표시되는 관공서의 공휴일은 일의 일요일과 국경일 설날 등 일의 공휴일을 더해 일이다 하지만 현충일 월 일 과 광복절 월 일 개천절 월 일 이 일요일과 겹쳐 공휴일 수는 모두 일이 된다 올해는 국회의원 선거일과 대체공휴일 등으로 공휴일이 일로 내년에는 공휴일이 사흘 줄어든다 주 일제 근무를 할 경우 공휴일 일에 일의 토요일을 더하면 휴일 수가 일이 되지만 설날 연휴 마지막 날 월 일 한글날 월 일 기독탄신일 월 일 등 사흘이 토요일과 겹쳐 총 휴일 수는 일로 줄어든다 이도 올해 일보다는 이틀 적은 것이다 주요 전통명절의 경우 설날 음력 월 일 은 월 일 금 정월대보름 월 일 은 월 일 금 단오 월 일 는 월 일 월 칠석 월 일 은 월 일 토 추석 월 일 은 월 일 화 이다 또 한식은 월 일 월 초복은 월 일 일 중복은 월 일 수 말복은 월 일 화 이다 일 이상 휴일이 이어지는 경우는 추석 월 일 토 수요일 이 닷새로 가장 길고 설날 월 일 목 일요일 이 일 새해 첫날 월 일 금 일 과 삼일절 월 일 월 일 토 월 일 등이다 설날 추석 연휴와 어린이날이 일요일이나 공휴일과 겹칠 경우 하루 더 쉬도록 하는 대체공휴일은 없다 이근영 기자 더불어 행복한 세상을 만드는 언론 한겨레 구독하세요 네이버 뉴스판 한겨레 구독 년 이전 한겨레 기사 보기 한겨레신문 무단전재 및 재배포 금지 "
"22"," 오류를 우회하기 위한 함수 추가 대전 신석우 기자 사진 대전 유성구 제공 대전 유성구 구청장 정용래 가 추석 명절이 끝나는 월 일까지 전통시장 곳의 주변도로 주차를 허용한다고 일 밝혔다 명절 기간에만 한시 허용했지만 올해는 코로나 영향으로 매출이 감소해 어려움을 겪고 있는 전통시장 활성화를 위해 지난 달 일부터 허용 기간을 확대 운영하고 있다 대상은 노은시장과 유성시장 송강시장 등이며 주변도로 주차를 최대 시간까지 허용한다 다만 보행자 안전과 화재발생 시 신속한 대응을 위해 교차로 모퉁이 이내 버스정류소 이내 횡단보도 소화전 이내 등 불법 주정차에 대해서는 단속을 강화한다 정용래 유성구청장은 주차 허용 기간 확대 운영으로 침체된 지역경제에 도움이 되길 바란다 며 전통시장에 대한 방역활동에도 최선을 다하겠다 고 밝혔다 확 달라진 노컷뉴스 클릭 한 번이면 노컷뉴스 구독 보다 나은 세상 노컷브이와 함께 저작권자 노컷뉴스 무단전재 및 재배포 금지 "
"23"," 오류를 우회하기 위한 함수 추가 롯데호텔 가을 얼리버드 상품 이달 말까지 홈페이지서 판매롯데호텔 제주 가을 얼리버드 프로모션 롯데호텔 제주 제공 롯데호텔 제주가 가을 국내 여행을 준비하는 이들을 위해 얼리버드 상품 럭키 찬스 를 선보인다 이번 패키지는 지난 일부터 롯데호텔 홈페이지를 통해 단 일간만 판매된다 이번 상품은 객실 박과 함께 여 평 규모의 올데이 다이닝 레스토랑 더 캔버스 인 조식 물놀이 필수템 스위밍 쿠션 개 피트니스 클럽 무료 이용권으로 구성되었다 연박 시 객실 내 미니바 회 무료 혜택이 추가되며 사계절 야외 수영장 해온 과 어린이 놀이시설 키즈월드 제주공항 왕복 셔틀버스 체크인 시 회 발렛 서비스도 무료로 이용할 수 있다 일반 패키지 상품 예약의 경우 지정된 객실 타입만 이용할 수 있었지만 럭키 찬스 는 스위트룸을 제외한 롯데호텔 제주 내 모든 타입의 일반 객실을 동일한 패키지 혜택으로 이용할 수 있다 월 일부터 월 일까지 투숙할 수 있으며 추석 연휴 기간도 포함되었다 롯데호텔의 무료 리워즈 프로그램인 롯데호텔 리워즈 회원에게만 판매되는 특별 상품이며 요금은 만 원부터다 세금 및 봉사료 별도 제주행플특별취재팀 유용원 군사전문기자의 밀리터리시크릿 밀톡 과학이 이렇게 재밌을수가 사이언스카페 의 비하인드 스토리 트롯맨 열전 받으세요 조선일보 무단 전재 및 재배포 금지 "
"24"," 오류를 우회하기 위한 함수 추가 앵커 이인영 통일부 장관 후보자가 올 추석 이산가족 상봉을 추진하겠다고 밝혔습니다 이틀 뒤 열릴 청문회를 앞두고 이 후보자가 내놓은 여러 대북정책 구상 중 하나인데 장관에 임명될 경우 첫 추진 사업이 될 것으로 보입니다 윤봄이 기자가 보도합니다 리포트 이인영 통일부 장관 후보자는 이산가족 교류 를 정치적 고려 없이 최우선으로 추진해야 할 과제로 꼽았습니다 당장 올 추석에 상봉을 추진하겠다면서 구체적인 방식도 제안했습니다 코로나 를 고려해 판문점에서 열 가족씩 소규모로 나눠서 진행할 수 있다고 밝혔습니다 추석까지 불과 두 달 남짓 장관에 임명되면 첫 번째 추진사업이 될 가능성이 높습니다 후보자는 먹는 것 아픈 것 죽기 전에 보고 싶은 것만큼은 한미 공조 사안이 아니라 우리 스스로 판단해 추진해야 하는 문제라고 주장해왔습니다 이인영 통일부 장관 후보자 월 일 한미 워킹그룹을 통해서 할 수 있는 일과 우리 스스로 판단해서 할 수 있는 일 이런 것들을 구분해서 평양종합병원 지원과 같은 보건의료협력 사업과 식량 지원 역시 이 같은 맥락에서 적극적으로 추진하겠다는 입장입니다 특히 올해 만 톤의 쌀 지원 예산이 편성돼 있다고 강조했고 약품과 식량 등은 지원뿐 아니라 물물 교환 방식의 작은 교역 도 가능하다고 제안했습니다 이 후보자는 다만 북한의 남북공동연락사무소 폭파에 대한 손해배상 청구에는 한계가 있다고 했습니다 이 후보자는 또 후반기 한미연합훈련에 대해서는 남북대화 북미대화를 촉진하는 방향에서 관리해야 한다며 축소나 연기가 필요하다는 취지로 말했습니다 이 후보자는 오늘 출근길 인터뷰에서 현안에 대한 입장을 직접 밝힐 예정입니다 뉴스 윤봄이입니다 영상편집 이태희 그래픽 최민영윤봄이 기자 코로나 팩트체크 제대로 알아야 이긴다 우리 동네 무슨 일이 지역뉴스 더 빠르고 정확한 소식을 원하시면 뉴스 구독 "
"25"," 오류를 우회하기 위한 함수 추가 코로나로 매출 준 전통시장 활성화 취지 석 달 간 전국 곳 전통시장 주차허용행정안전부와 경찰청은 신종 코로나 바이러스 감염증 코로나 으로 매출이 줄어든 전통 시장 이용을 활성화하기 위해 오는 일부터 약 석 달 간 전국 전통시장 주변 도로에서 주차를 허용한다고 일 밝혔다 주차허용 대상 전통시장은 연중 상시 주차가 가능한 곳과 지방자치단체 경찰청이 한시적으로 선정한 곳 등 모두 곳이다 지난달 서울 마포구 망원시장이 장을 보는 시민들로 붐비고 있다 연합뉴스이들 전통시장에서는 오는 일 시작되는 대한민국 동행세일 기간부터 추석 연휴가 끝나는 월 일까지 약 석 달여 동안 최대 시간까지 주변 도로 주차가 가능하다 정부는 주차 허용에 따른 무질서와 교통혼잡을 막기 위해 경찰 순찰인력을 늘리고 지자체 주차요원을 현장에 배치해 관리할 계획이다 또 허용된 구역 이외에 주정차하거나 횡단보도 교차로 모퉁이 이내 버스정류소 이내 소화전 주변 이내 등에서의 불법 주정차 단속도 강화한다 조은임 기자 네이버 메인에서 조선비즈 받아보기 조선비즈 바로가기 "
"26"," 오류를 우회하기 위한 함수 추가 앵커 이인영 통일부 장관 후보자는 또 올 추석 이산가족 상봉을 추진하겠다고 밝혔습니다 장관에 임명될 경우 첫 추진 사업이 될 걸로 보입니다 윤봄이 기자입니다 리포트 이인영 통일부 장관 후보자는 이산가족 교류 를 정치적 고려 없이 최우선으로 추진해야 할 과제로 꼽았습니다 청문회에 앞서 제출한 서면 답변을 통해서입니다 당장 올 추석에 상봉을 추진하겠다면서 구체적인 방식도 제안했습니다 코로나 를 고려해 판문점에서 열 가족씩 소규모로 나눠서 진행할 수 있다고 밝혔습니다 추석까지 불과 두 달 남짓 장관에 임명되면 첫 번째 추진사업이 될 가능성이 높습니다 후보자는 먹는 것 아픈 것 죽기 전에 보고 싶은 것만큼은 한미 공조 사안이 아니라 우리 스스로 판단해 추진해야 하는 문제라고 주장해왔습니다 이인영 통일부 장관 후보자 월 일 한미 워킹그룹을 통해서 할 수 있는 일과 우리 스스로 판단해서 할 수 있는 일 이런 것들을 구분해서 평양종합병원 지원과 같은 보건의료협력 사업과 식량 지원 역시 이 같은 맥락에서 적극적으로 추진하겠다는 입장입니다 특히 올해 만 톤의 쌀 지원 예산이 편성돼 있다고 강조했고 약품과 식량 등은 지원뿐 아니라 물물 교환 방식의 작은 교역 도 가능하다고 제안했습니다 이 후보자는 다만 북한의 남북공동연락사무소 폭파에 대한 손해배상 청구에는 한계가 있다고 했습니다 통일부도 브리핑에서 같은 입장을 밝혔습니다 여상기 통일부 대변인 손해배상 청구 등 사법 절차에 따라 문제를 해결하는 데는 한계가 있을 수밖에 없습니다 이 후보자는 또 후반기 한미연합훈련에 대해서는 남북대화 북미대화를 촉진하는 방향에서 관리해야 한다며 축소나 연기가 필요하다는 취지로 말했습니다 이 후보자는 내일 일 출근길 인터뷰에서 현안에 대한 입장을 직접 밝힐 예정입니다 뉴스 윤봄이입니다 영상편집 이태희 그래픽 최민영윤봄이 기자 코로나 팩트체크 제대로 알아야 이긴다 우리 동네 무슨 일이 지역뉴스 더 빠르고 정확한 소식을 원하시면 뉴스 구독 "
"27"," 오류를 우회하기 위한 함수 추가 코로나 사태로 반짝 강세를 보인 한우 가격이 추석 이후 하락세로 돌아설 것이라는 전망이 나왔습니다 농업관측본부의 축산관측 자료인 한육우 월호 에 따르면 월 한우 등급 도매가격은 당 만 천 원으로 지난해 같은 기간보다 상승했습니다 월 한우 수요는 증가한 것으로 추정되며 이중 가정 내 소비 비중이 약 에 달했습니다 농업관측본부는 코로나 로 인해 집밥을 먹는 사람이 많아지고 여기에 이달 중순 긴급재난지원자금이 풀리면서 한우 수요가 늘어 가격이 올라간 것으로 분석했습니다 하지만 월 이후 미국 내 쇠고기 생산이 회복되고 한우 도축 두수도 평균보다 만 마리 많은 만에서 만 마리로 예상되는 상황이어서 한우 도매가격은 오는 월까지는 높은 수준을 유지하다가 추석 이후 하락 곡선을 보이겠다고 농업관측본부는 예상했습니다 김세진 기자 저작권자 무단복제 재배포 금지 네이버 홈에서 뉴스 채널 구독하기 새로움을 탐험하다 엠빅뉴스 층 사람들이 만든 뉴스 "
"28"," 오류를 우회하기 위한 함수 추가 역대 최대 조 억원 확정 개월 내 집행 홍남기 경제부총리 겸 기획재정부 장관이 지난 일 국회에서 열린 제 회국회 임시회 제 차 본회의에서 코로나 대응 차 추경안 관련 정부측 의견을 발언하고 있다 파이낸셜뉴스 국회 문턱을 넘어선 역대 최대 규모의 차 추가경정예산이 일부터 즉시 집행된다 정부는 경제 회복의 마중물이 될 차 추경 조 억원 가운데 인 약 조원을 개월 내 집중 투입해 마이너스 성장 만은 막겠다는 의지다 정부는 특히 이번 추경을 올해 마지막 추경으로 공언하고 재정준칙 도입 등으로 무너진 재정건전성 회복에도 역량을 쏟고 있다 최후의 보루 월까지 兆 푼다 일 정부에 따르면 차 추경은 당초 정부안보다 억원이 삭감된 조 억원으로 확정됐다 역대 추경 중 최대 규모이자 년 이후 년 만에 편성된 차 추경이다 분야별로는 보건 복지 고용 예산이 가장 큰 폭인 억원이 증액됐다 반면 산업 중소기업 에너지 분야는 억원 감액됐다 사업별로는 고용유지지원금 예산이 정부안보다 억원 증액됐다 민주노총의 반발로 노사정 합의가 결렬됐지만 고용유지지원금 지원 대상을 늘리고 지원 기간도 연장하자는 잠정 합의안을 고려해 예산을 늘렸다 청년 지원 예산도 추경안에 반영했다 구체적으로 역세권 전세임대 다가구매입임대 추가공급 사업에 억원 디지털 일자리 지원 사업에 억원 청년 창업 아이디어 발굴 지원 사업에 억원이 반영됐다 대학 간접 지원 예산도 억원 증액됐다 앞서 더불어민주당은 대학의 자구책을 전제로 간접 지원 예산을 추경에 편성키로 했다 반면 추경 처리가 지연되면서 계획대로 집행이 불가능한 사업 예산은 대폭 삭감됐다 희망일자리 사업 고효율 가전 할인 온누리 상품권 발행 사업이 각각 억원 억원 억원씩 줄었다 한국판 뉴딜 사업 예산도 정부안 조 억원 보다 억원 삭감된 조 억원으로 감소했다 사회간접자본 디지털화 등 디지털 뉴딜에 조 억원 지속 가능한 에너지 기반 구축 등 그린뉴딜에 조 억원 고용 안전망 강화를 위해 조원 등이 배정됐다 현재 차 추경은 이상 차 추경은 가까이 집행됐다 국회에서 추경 처리가 늦어진 만큼 정부는 차 추경 집행도 최대한 속도를 내기로 했다 정부는 추경이 국회를 통과하면 석달 안에 이상을 집행하겠다고 밝힌 바 있다 통과 시점을 고려하면 오는 월 초까지 조 억원을 집행한다는 얘기다 전날 정세균 국무총리는 정부서울청사에서 열린 차 추경 배정계획 관련 임시 국무회의에서 이번 추경은 세출 구조조정과 국채발행을 통해 어렵게 마련한 소중한 재원임을 명심해야 한다 며 추경의 효과 또한 역대 최대가 되도록 신속하고 효과적인 집행에 모든 역량을 집중해야 한다 고 밝혔다 재정준칙 도입 임박 더이상 퍼주기 없다 지난 월 일 차 추경 조 억원 월 일 차 추경 조 억원 을 더해 올해 세차례 추경으로 조원의 막대한 재정이 추가로 마련됐다 이에따라 국가 재정건전성은 급속도로 하락했다 차 추경 기준 재정건전성의 주요 지표인 관리재정수지는 조 억원으로 국내총생산 대비 가 되고 국가채무도 조 억원으로 늘어나 국가채무비율은 까지 악화된다 정부는 일단 대규모 재정을 투입해 위기 극복 성장 견인 세수 확대 로 이어지는 이른바 재정 선순환론 을 내세우고 있으나 정부가 과도한 장밋빛 전망에 치우쳐 있다 는 지적도 많다 이와관련 정부는 재정건전성을 지키기 위한 제도적 장치를 준비 중이다 홍남기 경제부총리 겸 기재부 장관은 최근 블룸버그통신과 인터뷰를 갖고 차 추경이 올해 추경의 마지막이다 내달 말부터 국가부채 수준을 제한하는 규정을 검토하고 있다 며 재정준칙 도입을 시사했다 한편 기획재정부는 매달 회 재정관리점검회의를 열어 추경예산 집행과 재정 현황 등을 점검할 예정이다 김경민 기자 헉 소리나는 스 토리 뉴스 헉스 아는 척 하고 싶은 당신을 위한 두유노우 저작권자 파이낸셜뉴스 무단 전재 재배포 금지 "
"29"," 오류를 우회하기 위한 함수 추가 진중권 전 동양대 교수가 일 오전 서울 여의도 국회 의원회관에서 열린 온국민공부방 제 강 우리 시대의 정의란 무엇인가 에 참석해 인사말하고 있다 연합뉴스 서울경제 문재인 정권과 날카로운 대립각을 세우고 있는 진중권 전 동양대 교수가 문 대통령을 의전 대통령 으로 빗댄 자신을 향해 비판을 내놓은 윤영찬 더불어민주당 의원 등 청와대 참모 출신 인사들을 겨냥 노무현 전 대통령은 심한 비판에도 추석날 선물 보내주더라 그게 정권의 격조 라고 일침을 놨다 진 전 교수는 일 자신의 페이스북에 글을 올려 질의응답 시간에 지나가면서 흘린 얘기에 단체로 난리를 치니 그 자체가 하나의 징후 라며 이같이 말했다 그는 전직 참모 셋에 현직까지 나서서 타부 의 존재를 상기시킨다 며 이 나라엔 절대 건드려서는 안 되는 존엄이 있다는 경고 라고 했다 이어 그런다고 달이 태양보다 밝아지냐 며 구름으로 가린다고 달이 더 밝아지는 것도 아니다 고 일갈했다 진 전 교수는 노무현 전 대통령 시절 있었던 일을 회고하며 현 정권을 정면으로 비판하기도 했다 그는 노무현 전 대통령은 내가 심하게 비판했어도 추석날 나한테 선물 보내 줍디다 안동 소주 한 병에 멸치 한 봉지 자필 서명 든 조그만 카드와 함께 라면서 그게 정권의 격조이고 그게 대통령의 품격 이라고 쏘아붙였다 다른 글에선 기형도의 시 빈집 을 차용해 진 전 교수를 비판한 신동호 연설비서관의 시 빈 꽃밭 을 다시 빈 똥밭 으로 되받아쳤다 진 전 교수는 이 시에서 쌀을 바꿔 똥을 만든 가엾은 네 사랑 똥밭 서성이고 울고 웃다가 웃다가 울고 마는 파리들아 라며 똥냄새 나는 곳에 아름다움이 있었다 추한 똥도 때론 설사 똥도 그들의 것이었다 고 적었다 이어 청결을 향해 걷는 길에 아이는 결국 청소하다가 지쳐 주저앉았지만 똥을 잃고도 파리들은 울지 않는다 똥 쌀 놈은 많다며 울지 않는다 며 아이는 문득 기형도가 불쌍해졌다 고 마무리했다 윤영찬 더불어민주당 의원 연합뉴스앞서 진 전 교수는 전날 국민의당이 개최한 온 국민 공부방 의 첫 강연자로 나서 문 대통령은 남이 써준 연설문을 그냥 읽고 탁현민 청와대 의전비서관이 해준 이벤트를 하는 의전 대통령이라는 느낌이 든다 고 언급했다 이같은 진 전 교수의 발언에 대해 윤 의원은 같은 날 자신의 페이스북에 글을 올려 자기가 보지 않은 사실을 상상하는 건 진중권씨의 자유이지만 그걸 확신하고 남 앞에서 떠들면 근거 없는 생각인 뇌피셜 이라고 목소리를 높였다 그러면서 윤 의원은 남을 비판하고 평가할 때 꼭 참고하라 저는 직접 지켜봤기에 말씀드리는 것 이라고 말한 뒤 문 대통령이 원고를 고치는 모습과 수정한 원고를 촬영한 사진을 올리기도 했다 하승창 전 청와대 시민사회수석 역시 문 대통령이 남이 써준 것 읽는 다는 것은 사실이 아니다 대체 진중권씨는 무엇을 보고 누구에게 들은 것일까 라고 진 전 교수를 겨냥했다 이같은 자신을 향한 청와대 출신 인사들의 공격에 대해 진 전 교수는 유치하다 고 맞받으면서 윤 의원이 내 말을 앵무새처럼 남의 글을 그대로 읽는다는 뜻으로 이해한 모양 이라면서 문 대통령이 원고 교정도 안 한다는 뜻이 아니라 애초에 연설에 자기 철학이 없다는 얘기 라고 날을 세웠다 그러면서 진 전 교수는 문 대통령 연설 중 내 식구 철학 과 양념 발언 빼면 기억나는게 없지 않은가 라고 지적하면서 고 故 김대중 전 대통령이나 고 노무현 전 대통령 연설문 보라 그분들의 치열한 고민의 흔적 평생에 걸쳐서 형성해온 철학을 읽을 수 있다 고 쏘아붙였다 진중권 전 동양대 교수 페이스북 조예리기자 서울경제 바로가기 네이버 채널에서 서울경제 구독해주세요 서울포럼 과학기술 초격차가 답이다저작권자 서울경제 무단 전재 및 재배포 금지 "
"30"," 오류를 우회하기 위한 함수 추가 번가 지난달 판매량 급증 일 건강식품 기획전 번가는 코로나 여파로 면역력을 강화해 주는 식품을 찾는 고객이 급증해 이를 위한 기획전 사진 을 연다고 일 밝혔다 번가의 이달 일부터 일까지 건강식품 거래액을 보면 어린이 영양제 와 인삼 유산균 프로바이오틱스 홍삼 판매량이 전년 대비 크게 늘었다 특히 최근 년간 건강식품 부문 월별 거래 비중에서는 지난달 한 달 판매량이 추석 특수 였던 년 월과 지난해 월 판매량을 앞지르며 월 단위 최고치를 기록했다 이에 따라 번가는 일부터 일까지 홍삼 비타민 건강즙 등 면역력 강화를 위한 건강식품 종을 모아 기획전을 실시한다 이와 더불어 비타민 올바르게 먹는 방법 건강 전문가들도 복용하는 영양제 베스트 건강 지켜 주는 채소와 과일 추천 등의 콘텐츠도 선보인다 황상욱 기자 네이버에서 부산일보 구독하기 클릭 터치 부산 앱 출시 부산일보 지면을 내 손 안에 부산일보 홈 바로가기 "
"31"," 오류를 우회하기 위한 함수 추가 이마트 설 사과 배 선물세트 물량 증대 가격은 낮춰올해 이른 추석의 영향으로 내년 설에는 사과 배 가격이 예년보다 저렴해질 것으로 보인다 이마트 명품 왕사과 세트 이마트 일 한국농수산식품유통공사 농산물유통정보에 따르면 지난 월 추석 직후 사과 시세는 만 원에서 만 천 원으로 배 시세는 만 원에서 만 원으로 각각 가량 하락했다 이는 올해 추석이 월 중순으로 평년보다 빠르게 시작되면서 물량 부족 및 태풍으로 인한 품질 저하로 인해 사과 배 판매가 미진했기 때문이다 이에 추석 직후 사과 배 물량이 증가하면서 월 중하순 사과 배 시세가 하락했다 이마트 는 오는 년 설을 앞두고 사과 배 선물세트 물량을 늘려 이른 추석으로 어려움을 겪었던 농가 돕기에 나선다 년 약 만 개 판매되었던 사과 선물세트는 계획 물량을 늘린 만 개로 기획했으며 배 계획 물량 역시 만 개에서 만 개로 가량 증가했다 대표 사과 배 선물세트 상품 가격도 대폭 인하했다 피코크 고당도 왕사과 는 전년 대비 실제 구매 가격이 이상 떨어졌으며 지난해 할인 품목이 아니었던 명품 왕사과 도 가 저렴해졌다 유명산지 배 정성스럽게 선별한 유명산지 배 등 배 세트 역시 최대 가량 가격을 낮췄다 가격을 낮춘 비결은 올해 추석 직후 사과 배 시세가 낮아진 시기에 산지 선점 및 사전 계약으로 저렴한 가격에 물량을 확보했기 때문이다 이마트는 배 시세가 하락한 월 추석 직후 나주 천안 아산 등 주요 산지를 돌며 갓 수확한 품질 좋은 배 물량을 대거 매입했다 냉장 보관 시 일 이상 보관이 가능한 신고 품종의 특성을 활용해 우수한 과수를 사전에 대량으로 매입 후 이마트 후레쉬센터 및 각 지역 농가 창고에 저장해서 신선도를 보존해 선물세트 가격을 낮췄다는 게 이마트 측의 설명이다 최훈학 이마트 마케팅 담당은 사전예약 판매 최대 대목인 월 첫 주를 맞아 설 선물세트 사전예약 매출이 급증할 것으로 예상된다 며 특히 올해는 사과 배 가격이 크게 낮아지면서 이를 찾는 소비자들이 많을 것으로 예상해 물량을 크게 늘렸다 고 말했다 김은영 기자 조선비즈 창간 주년 기획 다시쓰다 도시 기사 보러가기 네이버 메인에서 조선비즈 받아보기 조선비즈 바로가기 "
"32"," 오류를 우회하기 위한 함수 추가 대구경찰 최대 시간 허용 일부 주민 상인 우려 목소리에 대책 마련 계획지난해 추석명절을 앞둔 대구 수성구 신매시장에서 지역상권 활성화 행사가 벌어지고 있다 매일신문 경찰이 추석 연휴까지 개월가량 중소규모 전통시장의 주변 도로 주차를 허용하기로 했다 대구경찰청은 일 전통시장 활성화를 위해 대한민국 동행세일 이 시작된 이날부터 추석 연휴 마지막 날인 월 일까지 일간 동구 동구시장 서구 중리시장 남구 영선시장 수성구 신매시장 등 중소규모의 전통시장 곳에 대해 차 당 최대 시간 도로 주차를 허용한다 고 밝혔다 이와 함께 경찰은 도로 주차를 허용한 전통시장에 한해서는 되도록 단속을 하지 않겠다는 방침도 세웠다 이에 시장 인근 주민들과 일부 상인을 중심으로 교통 혼잡 및 안전 사고에 대한 우려의 목소리가 나오고 있다 수성구 신매시장 인근의 한 주민은 시장 근처에 아파트 단지가 즐비한데 이곳 도로에 불법 주정차를 허용한다면 교통난은 불보듯 뻔하고 사고 위험까지 높아질 것 이라고 목소리를 높였다 동구시장 한 관계자도 시장 상인회 차원에서 교통점검을 할 계획이지만 제대로 된 단속 없이 무작정 주차를 허용하면 안전이 걱정되지 않을 수 없다 며 전통시장 활성화를 위한다는 의도는 좋지만 주변 교통흐름을 방해하거나 사고가 발생할까 우려스럽다 고 했다 북구 팔달신시장 상인 씨는 개월간 시장 주차 관리가 제대로 되지 않는다면 물건을 나르며 장사를 해야 하는 상인들의 생계에도 피해를 줄 수 있다 고 우려했다 이와 관련해 대구경찰청은 각 구군과 협의해 대책을 마련하겠다는 입장이다 대구경찰청 관계자는 이번 조치가 시장 활성화 교통 혼잡 문제를 품은 양날의 검이기에 인근 주민과 상인들의 불안함이 이해가 되지만 피해를 최소화할 수 있도록 노력하겠다 며 각 시장상인회와 소통해 교통문제가 지속적으로 발생하는 곳이 있다면 다시 주차에 제한을 두거나 구군과 협의해 차량 단속을 하는 방안을 검토 중 이라고 했다 신중언 기자 네이버에서 매일신문 구독하기 매일신문 네이버 바로가기 매일신문 "
"33"," 오류를 우회하기 위한 함수 추가 김현미 부동산 세제 손봐야 홍남기 언제든 규제 양도세 종부세 등 개편 거론 임대소득세도 손볼 듯김현미 국토교통부 장관이 일 국회에서 열린 예산결산특별위원회 전체회의에서 차 추경안 편성과 관련해 부처의 기금운용변경안에 대해 제안설명하고 있다 연합뉴스추석 전 세제까지 아우르는 종합 부동산대책이 추가로 나올 가능성이 커지고 있다 대책 에도 집값 상승세가 진정되지 않자 정부 당국자들이 앞다퉈 즉각적인 조치를 시사하고 있어서다 김현미 국토교통부 장관은 지난 일 뉴스라인 에 출연해 세제 개편 중심의 부동산 대책을 언급했다 다주택자의 보유세 부담을 높이는 종합부동산세법 개정이 추진되는 것과 별개로 부동산 투자자들의 차익을 세제로 환수해야 한다고 주장했다 김 장관은 부동산 세제엔 손봐야 할 점이 있다 면서 집을 많이 가진 것은 부담되게 하고 투자 차익은 환수할 수 있는 시스템을 갖춰야 한다 고 말했다 김 장관은 앞서 라디오 김종배의 시선집중 에 출연해서도 세제 개편 필요성을 역설한 바 있다 당시 김 장관은 해외에선 실거주자와 다주택자의 세율을 차등하기도 한다 면서 이 같은 사례를 심도 있게 검토해 보완할 수 있는 게 무엇인지 따져봐야 한다 고 말했다 홍남기 경제부총리 겸 기획재정부 장관도 사실상의 추가 대책을 시사했다 홍 부총리는 같은 날 국회 기획재정위원회에 출석해 일부 비 非 규제지역을 중심으로 집값 불안 양상이 나타나 예의주시 하고 있다 며 아직 대책을 검토하는 단계는 아니지만 필요할 경우 언제든지 시행할 수 있다 고 밝혔다 기재부가 세제를 관장하는 부서라는 점에서 이 같은 언급은 의미심장하다 다음달 내놓는 세법 개정안에 관련 대책이 담길 수 있다는 뜻으로도 해석된다 전날 박선호 국토부 차관은 파주와 김포 등 풍선효과가 나타나는 지역을 겨냥해 집값이 계속 불안할 경우 당장 다음달이라도 조정대상지역이나 투기과열지구 확대가 가능하다 고 말했다 조정대상지역으로 묶일 경우 주택자의 비과세 요건 강화와 다주택자의 양도소득세 중과 등 세제 중심의 규제가 가해진다 투기과열지구는 재개발 재건축 등 정비사업 중심의 규제가 핵심이다 부동산업계에선 추석 전 추가 대책이 나올 것으로 내다보고 있다 수도권 대부분 지역이 조정대상지역 이상의 규제로 묶였음에도 집값 상승세가 가라앉지 않는 데다 오히려 지방으로 확산하는 기미를 보이고 있어서다 집값이 가파르게 상승하던 년엔 추석 전 대책 과 기 신도시 발표가 연달아 나온 바 있다 추가 대책에선 김 장관의 언급대로 단순한 규제지역 확대 외에 세제 개편 등이 이뤄질 가능성도 높다 세무업계는 주택 비과세와 다주택자의 양도세 종부세 소득세 등 부동산 세제 전반에 걸친 손질기 가해질 수 있다고 보고 있다 주택 비과세는 주택자가 년 이상 보유한 집을 매각할 때 억원까지 세금을 물리지 않는 제도다 년 대책 을 통해 조정대상지역에선 년 거주 요건이 생겼다 이 같은 거주 요건을 늘리거나 횟수를 제한하는 방법 등이 거론된다 예컨대 주택 비과세가 평생 한 번만 가능한 식이다 임대사업자의 경우 거주주택 비과세가 지난해 세법 개정을 통해 평생 차례로 제한됐다 이외에도 비과세를 소득공제로 대체하는 방안도 언급된다 문재인정부 부동산 정책의 설계자로 통하는 김수현 전 청와대 정책실장이 저서 부동산은 끝났다 에서 언급한 방식이기도 하다 종부세는 지난해 대책 에서 나온 개편안 대로 다주택자 중심으로 세율을 올리되 이를 추가로 인상하거나 공제액 등을 조정할 여지도 있다 이번 대책에서 법인의 경우 억 기본공제가 폐지되고 세율 또한 주택 숫자별 의 단일세율이 적용되도록 바뀌었다 이와 맞물려 다주택자의 양도세 중과세율 또한 단일세율로 적용하는 방안이 거론된다 현행 양도세율은 주택자의 경우 최고 다 그러나 이는 과세표준이 억원 이상일 때 적용되는 최고세율일 뿐 과표 구간별로 세율이 의 세율이 차등 적용된다 예컨대 과표가 억원이라면 억을 초과하는 억원에 대해서는 가 적용되고 억 억 구간엔 억 만 억원 구간엔 가 적용되는 식이다 만약 단일세율이 적용된다면 전체 과표에 의 세율이 적용돼 세액이 껑충 뛴다 종부세율 인상과 맞물릴 경우 보유와 매각 단계에서 모두 세금 부담이 급증하는 셈이다 세무업계는 임대소득세 개편을 가장 유력하게 점치고 있다 현행 소득세법은 연 임대소득이 만원 이하일 때 분리과세 초과일 때 종합소득세에 합산과세한다 그런데 연 소득을 따질 때는 전세보증금의 누락이 많다 부부합산 주택인 경우 월세 소득에 대해서만 과세하고 전세보증금을 과세하지 않기 때문이다 합산 주택 이상일 때부터 전세보증금에 대해 간주임대료를 따져 과세한다 한 시중은행 세무사는 올해 세법 개정안에선 전세보증금에 대한 과세가 본격화할 가능성이 높다 며 앞으로 도입될 임대차 신고제나 전 월세 상한제 계약갱신청구권 등과 맞물려 세수를 늘릴 수 있기 때문 이라고 지적했다 전형진 기자 네이버에서 한국경제 뉴스를 받아보세요 한경닷컴 바로가기 모바일한경 구독신청 한국경제 무단전재 및 재배포 금지 "
"34"," 오류를 우회하기 위한 함수 추가 대구 권소영 기자 사진 박종민 기자 자료사진 코로나 로 침체된 지역 경제 활성화를 위해 열리는 대한민국 동행세일 에 맞춰 대구 일부 전통시장 주차가 추석 연휴까지 허용한다 대구경찰청은 중소벤처기업부 주관 전국 대규모 할인행사인 대한민국 동행세일 시작일인 오는 일부터 추석 연휴 종료일인 월 일까지 일간 전통시장 한시적 주차가 허용된다 고 일 밝혔다 한시적 주차가 허용되는 전통시장은 동구 불로시장 등 전통시장 개소며 주차시간은 최대 시간까지다 주차가 허용되는 전통시장은 자치단체 협조 하에 도로 여건 시장 상인회 등의 의견을 고려해 선정했다 각 전통시장마다 도로 여건과 교통 상황에 따라 주차 허용시간이 탄력적으로 운영된다 주차가 허용되는 시장은 대구지방경찰청 홈페이지 알림마당 공지사항을 통해 확인할 수 있다 확 달라진 노컷뉴스 클릭 한 번이면 노컷뉴스 구독 보다 나은 세상 노컷브이와 함께 저작권자 노컷뉴스 무단전재 및 재배포 금지 "
"35"," 오류를 우회하기 위한 함수 추가 보기에는 똑같지만 엄연히 다르다 나 를 타면 객실을 돌아다니는 승무원들을 만나게 됩니다 검표 업무를 담당하기도 하고 객실 내 온도를 점검하기도 하며 짐칸의 짐이 안전한지도 확인하고 승객들의 민원도 처리해 줍니다 그런데 손님들 눈에는 다 똑같아 보이는데 엄밀하게 보면 객실 승무원도 구분이 있습니다 코레일 소속의 열차팀장과 코레일 자회사인 코레일관광개발 소속의 객실 승무원입니다 보통 열차 한 편성에는 열차팀장 명과 객실 승무원 명이 탑승하게 됩니다 회사가 다른 만큼 공식적인 업무도 다르다고 합니다 철도노조 설명에 따르면 열차팀장은 열차와 승객의 안전 업무를 담당하고 객실 승무원들은 승객 서비스 업무를 담당하게 돼 있습니다 단 비상시에는 열차팀장을 보조해 안전업무를 수행해야 하는데 이 경우에도 열차팀장의 지시에 따라 안전업무를 수행하게 돼 있다고 합니다 철도노조는 년 월 강릉 탈선사고를 들어 이 규정이 심각한 문제점을 지니고 있다고 주장합니다 당시 사고가 나자 객실 승무원들이 승객에 대한 안전 조치를 취하려고 했지만 열차팀장의 지시를 받아야 한다는 규정 때문에 적극적인 대처가 힘들었다는 겁니다 승무원 명 파업 처우개선 직접고용 요구이 코레일관광개발 소속 객실 승무원 여 명이 오늘 일 새벽 시부터 파업에 들어갔습니다 코레일 본사와 비교하면 현저히 떨어지는 처우를 개선하고 안전업무 종사자들은 직접 고용하라는 것이 핵심 요구사항입니다 표면적으로는 코레일 본사보다 수준에 불과한 처우개선이지만 핵심 사항은 직접 고용 문제입니다 문재인 정부 들어 비정규직 정규직 전환의 주요 원칙 중 하나가 상시 지속적 업무 종사자에 대한 정규직 전환입니다 특히 생명 안전 업무는 직접 고용을 원칙으로 한다고 천명했습니다 노조는 이 원칙을 강조하는 한편 강릉 탈선 사례를 들며 여객 승무원들 역시 생명 안전 업무 종사자인 만큼 직접 고용하라고 요구하고 있습니다 사측도 이 문제에 대해 전향적으로 고민한 흔적이 있습니다 년 월 철도노조 위원장과 당시 오영식 코레일 사장이 서명한 노사 및 전문가 중앙협의기구 합의서입니다 합의서를 보면 국민의 생명 안전 업무 및 주요시설물 감시 업무는 한국철도공사가 직접 수행하고 그 종사자 명은 공사에서 직접 고용하도록 했습니다 이뿐 아니라 철도공사 관련 노동자들의 정규직 전환에 대한 여러 원칙이 상세히 적혀 있습니다 여기에 열차 승무원들 관련 내용도 포함돼 있습니다 코레일관광개발의 열차 내 고객서비스 업무 종사자 명에 대해서는 전문가 조정을 의뢰하고 전문가 실사 등을 거쳐 제시된 조정안 에 따르기로 했습니다 그로부터 개월 뒤인 년 월 드디어 전문가 조정 결정서가 나왔습니다 가지 항목으로 구성돼 있는데 번째 항목이 핵심입니다 철도안전강화로 국민의 생명과 안전을 보호하는 것이 공공기관으로서 사회적 책임을 다하는 것이라는 점을 고려하여 코레일관광개발 주 에 위탁 중인 열차 내 고객서비스 업무에 대해 관련법 및 규정 제 개정 등을 통해 전환할 것을 권고한다 고 돼 있습니다 이번에 관광개발 노조가 파업에 들어가며 코레일 측이 합의를 어겼다고 주장하는 바로 그 대목입니다 합의사항 둘러싼 서로 다른 해석들노조는 년 월 노사 합의 사항이 전문가 조정 결정 을 따르기로 강제했고 개월 뒤 전문가 조정 결정서 를 보면 전환할 것을 권고한다 고 돼 있는 만큼 승무원들을 당연히 직접 고용해야 한다는 입장입니다 코레일 사측에서도 전향적으로 생각하고 있었는데 탈선 사고 등으로 철도공사 사장이 바뀌면서 사측의 입장도 바뀌었다고도 주장했습니다 반면 철도공사 사측은 같은 문장에서 관련법 및 규정 제 개정 등을 통해 라는 부분을 강조하고 있습니다 객실 승무원들을 직접 고용한다는 원칙에는 반대하지 않지만 그러기 위해서는 관련법이 먼저 제 개정돼야 한다는 논리입니다 그리고 관련법 개정은 철도공사의 소관이 아니고 엄연히 정부와 국회의 영역인 만큼 철도공사로서는 개정될 때까지 기다릴 수밖에 없다는 겁니다 같은 결정서를 두고서 노사 간 해석이 팽팽히 맞서고 있는 겁니다 그렇다면 전문가 결정서 를 작성한 전문위원들은 어떤 취지로 결정서를 썼을까요 전문위원 중 한 명에게 어렵사리 연락을 해봤습니다 해당 위원은 결정서를 작성할 당시에도 여승무원에 대한 대법원 판례 등으로 인해 노사 간 이견이 팽배했다고 털어놨습니다 그러면서 현행 규정으로는 코레일 사측이 직접고용을 하지 않아도 될 명분이 많이 생기는 만큼 이번 기회에 법령을 명확하게 해서 직접고용을 하도록 했다는 취지라고 설명했습니다 또 법령 제 개정 문구 때문에 현재 노사 간 입장 차이가 생기고 있다는 것도 잘 알고 있다면서 개인적인 입장으로는 법 개정까지 기다리라는 뜻이 아니라 정규직 전환을 위해 적극적으로 나서달라는 의미 라고 설명했습니다 하필 추석에 파업하는 이유는 코레일관광개발 노조원들이 파업에 나선 시기는 추석 명절로 교통 수요가 최고에 달하는 기간 즉 특별수송대책 기간입니다 노조에 연락해서 파업을 하더라도 전 국민이 이동하는 추석을 앞두고 파업에 돌입하는 것은 과도하지 않는지 명절 기간 파업은 전례가 없는 일 아닌지 물어봤습니다 노조 관계자는 국민에게는 정말 죄송하다면서도 뜻밖에 년 월 추석에도 이틀간 파업을 했었다고 했습니다 하지만 열차 운행에 직접 차질을 주지 않아서 파업을 해도 국민들이 잘 모른다고 털어놨습니다 그러면서 평시에 파업하면 국민들이 정말 모를 것 같아서 명절에 파업을 시작한다고도 했습니다 오늘 새벽 파업이 시작되자마자 코레일과 는 비노조원이나 본사 직원들로 대체 근무를 신속히 편성해 곧바로 객차 근무에 투입했습니다 대체 근무자라 하지만 승무 교육을 받거나 승무 경험이 있는 사람들이 대부분이어서 일반 승객들은 누가 대신 근무에 들어왔는지도 모를 수 있습니다 파업은 일까지 이어집니다 추석을 택해 파업을 한 객실 승무원들 이번 파업에서는 소기의 목적을 거둘 수 있을까요 노태영 기자 여심야심 與心ㆍ野心 취재기자가 전하는 국회 뒷 이야기 네이버 채널 뉴스 구독 시원하게 털어드립니다 보다 ㄹㅇ 당신의 진짜 뉴스 케이야 "
"36"," 오류를 우회하기 위한 함수 추가 태백시청사 전경 태백 뉴스 박하림 기자 강원 태백시가 기업지원 인터넷 종합쇼핑몰인 태백몰 을 구축한다고 일 밝혔다 올 추석에 맞춰 오픈할 예정으로 태백에 소재하고 있는 기업이면 누구나 입점 가능하다 시는 총 개 업체를 입점시킬 계획이다 입점 기업에게 교육과 제품 마케팅 개별몰 모바일 쇼핑몰 구축을 무료로 지원한다 입점 희망 기업은 일까지 신청서 등을 구비해 강원도경제진흥원으로 방문 또는 우편으로 신청하면 된다 류태호 태백시장은 특화된 우수 제품을 생산하고도 홍보 부족 등으로 판로에 어려움을 겪고 있는 지역 기업들이 유통망을 개척하고 판매를 촉진하는 데 도움이 되기를 바란다 며 앞으로도 관내 기업들의 경영 안정 및 활성화를 위한 정책들을 지속 발굴 추진하겠다 고 말했다 네이버 메인에서 뉴스 구독하기 뉴스 바로가기 코로나 뉴스 뉴스 코리아 무단 전재 및 재배포 금지 "
"37"," 오류를 우회하기 위한 함수 추가 와 승무원 등이 소속된 코레일관광개발 노조가 임금 인상과 코레일 직접 고용 등을 요구하며 오늘 일 부터 오는 일까지 일간 차 경고 파업 을 벌입니다 전국철도노동조합에 따르면 철도노조 코레일관광개발지부는 오늘 오전 시부터 파업에 돌입하며 오후 시 서울역에서 파업결의대회를 진행합니다 이들 승무원은 검표와 열차 안내방송 등을 담당해 파업하더라도 열차 운행에는 지장이 없지만 승객이 급격히 몰리는 추석 연휴 기간이어서 불편이 우려될 전망입니다 박연신 기자 의견 있는 경제채널 홈페이지 경제를 실험한다 머니랩 네이버 저작권자 미디어넷 무단전재 재배포 금지 "
"38"," 오류를 우회하기 위한 함수 추가 과기정통부 년 월력요항 발표 서울 뉴시스 이재은 기자 내년 실제 공휴일 수는 올해보다 삼일 적은 총 일로 정해졌다 또 내년 가장 긴 연휴는 월 일 토 부터 월 일 수 까지 일간의 추석 연휴다 과학기술정보통신부는 년 단기 년 국내 달력의 기준이 되는 월력요항을 일 발표했다 년 달력의 적색표기일인 관공서의 공휴일로는 일의 일요일과 국경일 설날 등 일의 공휴일을 더해 일이 있으나 현충일 광복절 개천절 이 일요일과 겹쳐 총 공휴일 수는 일이 된다 또한 주 일제를 실시하는 기관의 경우에는 총 공휴일 수인 일과 함께 일의 토요일이 더해져 휴일수가 일이 되나 공휴일 중 토요일과 겹치는 일 설날 연휴 마지막 날 한글날 기독탄신일 로 인해 총 휴일수는 일이 된다 주요 전통명절은 설날 음 월 일 이 월 일 금 이고 정월대보름 음 월 일 은 월 일 금 단오 음 월 일 는 월 일 월 칠석 음 월 일 은 월 일 토 추석 음 월 일 은 월 일 화 이다 또한 한식은 월 일 월 초복은 월 일 일 중복은 월 일 수 말복은 월 일 화 이다 년 월력요항에 관해 자세한 사항은 관보 및 과학기술정보통신부와 한국천문연구원 천문우주지식정보 홈페이지에서 확인할 수 있다 공감언론 뉴시스 네이버에서 뉴시스 구독하기 유명 미술작품 가격 공개 뉴시스 빅데이터 주가시세표 바로가기 공감언론 뉴시스통신사 무단전재 재배포 금지 "
"39"," 오류를 우회하기 위한 함수 추가 추석 연휴 첫날인 오늘 고속도로 귀성길 정체가 본격화되고 있습니다 오늘 일 아침 시를 기준으로 주요 도시 간 예상 소요 시간은 요금소를 기준으로 서울에서 부산까지 시간 분 광주 시간 분 대구 시간 분 대전 시간 분 강릉 시간 분 등입니다 도로 별로 주요 정체 구간을 살펴보면 경부고속도로 부산방향 수원요금소에서 남사요금소까지 구간 안성휴게소에서 망향휴게소까지 구간 천안휴게소에서 비룡분기점까지 구간에서 차량들이 시속 미만으로 운행하고 있습니다 또 서해안고속도로 목포방향 비봉 부근에서 서해대교 부근까지 구간 동 서천분기점에서 부안요금소까지 구간에서 차량들이 정체되고 있습니다 한국도로공사는 오늘 전국 교통량은 만대로 만대가 수도권을 빠져나갈 것으로 보고 있습니다 특히 오늘 오전 시부터 정오까지 정체가 가장 심할 것으로 보이며 이 정체는 오후 내내 이어지다 저녁 시 이후부터 다소 풀릴 것으로 보입니다 올해 추석 연휴에도 전국 고속도로를 이용하는 모든 차량의 통행료가 면제돼 오늘 시부터 모레 일 시 사이에 고속도로를 잠시라도 이용하는 모든 차량은 통행료를 내지 않아도 됩니다 한편 경찰청의 최근 년간 추석 연휴 교통사고 현황을 보면 추석 연휴 기간 중 추석 하루 전날 사고 발생이 가장 많은 것으로 나타났습니다 추석 하루 전날 평균 백여 건의 교통사고로 명의 사망자가 발생하는 만큼 교통법규를 지키고 장시간 운전 할 때는 졸음쉼터나 휴게소에서 휴식을 취해야 합니다 사진 출처 연합뉴스 오대성 기자 여심야심 與心ㆍ野心 취재기자가 전하는 국회 뒷 이야기 네이버 채널 뉴스 구독 시원하게 털어드립니다 보다 ㄹㅇ 당신의 진짜 뉴스 케이야 "
"40"," 오류를 우회하기 위한 함수 추가 일 삼성전자 평택사업장에서 열린 추석맞이 직거래 장터에서 임직원들이 자매마을에서 생산된 상품들을 둘러보고 있다 파이낸셜뉴스 삼성이 조 억원 규모의 협력사 자금 지원 등 추석 상생경영 에 나선다 삼성은 이번 추석 협력사들의 자금 운영에 돕기 위해 조 억원 규모의 물품 대금을 조기 지급하기로 했다고 일 밝혔다 이는 지난해보다 억원 증액된 규모다 이번 물품 대금 조기 지급에는 삼성전자 삼성디스플레이 삼성 삼성전기 삼성 삼성바이오로직스 삼성물산 삼성엔지니어링 제일기획 웰스토리 등 개 계열사가 참여한다 삼성전자는 자금 부담 완화를 위해 지난 년부터 협력사 물품 대금을 월 회 지급하고 있다 삼성 관계자는 이번 추석을 맞아 회사별로 최대 주일 이상 물품 대금을 앞당겨 지급해 협력사의 일시적인 자금 부담이 완화될 것으로 기대된다 고 밝혔다 또 삼성은 전국의 계열사 임직원들에게 자매마을 등에서 생산한 각종 농축산품을 구입할 기회를 제공하고 농어촌 소득 증대를 돕는 온 오프라인 직거래 장터를 운영한다 직거래 장터는 삼성전자와 삼성디스플레이 삼성 삼성중공업 삼성물산 등 개 계열사가 참여해 역대 최대 규모로 진행된다 삼성전자 수원 평택사업장에서는 일까지 자매마을 농업진흥청 협력마을 등 농민들과 함께 직거래 장터를 열어 도라지 한우 한과 배 등 품질좋은 농축산품을 판매한다 기흥 화성 사업장에서도 일까지 자매마을 농촌진흥청 사회적기업 등이 참여한 직거래 장터를 열고 한우 굴비 젓갈 벌꿀 곡물 등 여개의 농축산품을 판매한다 아울러 최대 까지 할인 판매하는 유 아동 도서 특가전도 마련한다 특히 이번 장터에는 삼성전자 스마트공장 구축 지원을 받은 인제군장애인보호작업장 황태 쿠키아 두부과자 헵시바 과일건조칩 제조업체 등 개 업체도 참여했다 삼성 는 일까지 기흥 수원 울산 천안 구미 청주 등 전국 개 사업장에서 추석 직거래 장터를 운영해 자매마을을 비롯한 지역사회의 과일 정육 수산물 등 다양한 특산품을 판매할 예정이다 삼성중공업은 일 거제사업장에서 지역 농 특산품 소비 촉진과 판로확보를 위해 개 업체가 참가한 가운데 지역에서 생산되는 다양한 농 수 특산품과 먹거리를 저렴하게 판매한다 삼성물산은 지난 달 일까지 건설 상사 리조트 등 각 부문별로 자매결연을 맺은 마을과 함께 거봉 블루베리즙 참기름 아카시아꿀 감자 옥수수 등 특산품 직거래 장터와 온라인 장터를 운영했다 최갑천 기자 헉 소리나는 스 토리 뉴스 헉스 클릭해 뉴스 들어간다 뉴스쿨 세상에 이런일이 파스 저작권자 파이낸셜뉴스 무단 전재 재배포 금지 "
"41"," 오류를 우회하기 위한 함수 추가 버스전용차로 연장 운영 기차역 터미널 등 불법 주정차 단속 년 추석 연휴 마지막날 경기 성남 서울요금소에서 바라본 경부고속도로 연합뉴스 자료사진 서울 연합뉴스 김지헌 기자 서울시는 교통량이 늘어나는 추석을 맞아 특별교통대책을 시행한다고 일 밝혔다 귀경객이 몰리는 일 추석 당일과 일은 지하철과 버스 막차 시간을 다음날 오전 시까지 늦춘다 지하철 호선 우이신설선은 종착역 도착 시간 기준 오전 시까지 운행한다 출발 시간 기준으로 언제까지 탑승할 수 있는지는 역과 행선지마다 다르므로 확인해야 한다 시내버스는 서울역 용산역 영등포역 청량리역 수서역 등 기차역 곳 서울고속 동서울 남부 상봉 등 버스터미널 곳을 경유하는 개 노선을 연장 운행한다 버스는 기차역과 터미널 앞의 버스 차고지 방면 정류소 정차 시간을 기준으로 오전 시까지 운행한다 올빼미버스 개 노선과 심야 전용 택시 천 여대는 연휴 기간 내내 정상 운행한다 성묘객을 위해 일 시립묘지를 경유하는 개 시내버스의 운행 횟수를 늘린다 용미리로 가는 번 망우리로 가는 번이 대상이다 일 서울에서 출발하는 고속 시외버스 역시 운행 횟수를 하루 평균 천 회씩 늘린다 만차 기준 하루 수송 가능 인원은 평소보다 만여명 늘어난 만여명이다 고속도로 버스전용 차로 운영은 확대 시행한다 평소 오전 시부터 오후 시까지인 경부고속도로 한남 신탄진 구간의 버스전용 차로는 일 오전 시부터 다음날 오전 시까지 운영한다 시는 연휴 기간 불법 주정차를 일삼는 얌체족 도 단속한다 기차역과 터미널 등 상습 위반 지역은 물론 소방시설 어린이 노인 보호구역도 집중적으로 단속에 나설 방침이다 다만 전통시장 주변은 소상공인 지원 차원에서 단속을 완화한다 서울교통정보센터 토피스 홈페이지 와 스마트폰 애플리케이션 서울교통포털 은 일자별 시간대별 서울 시내 도로의 정체 구간과 통과 소요 예측 시간을 알려준다 궁금한 점은 다산콜센터 로 문의하면 된다 황보연 서울시 도시교통실장은 추석 명절을 맞아 귀성 성묘를 나서는 시민들의 교통 불편이 없도록 시간 빈틈없는 대중교통 서비스를 제공할 것 이라고 말했다 확 달라진 연합뉴스 웹을 만나보세요 네이버 연합뉴스 채널 구독 뭐 하고 놀까 흥 "
"42"," 오류를 우회하기 위한 함수 추가 국민은행과 카카오뱅크가 추석 연휴 일부거래가 제한됩니다 오늘 일 금융위원회에 따르면 국민은행은 오는 일 카드 차세대 전산 시스템 개설을 앞두고 오늘 시부터 일 오전 시까지 카드 관련 일부 서비스를 중단합니다 연휴기간 신용카드의 오프라인 결제는 가능하지만 온라인 이용과 체크 선불 직불카드 이용은 일 오후 시 분부터 분간 멈춥니다 카드론은 일 오후 시 분부터 중단돼 일 오전 시까지 이용할 수 없습니다 자동화기기 를 이용한 현금서비스 단기카드대출 는 일 오후 시 분부터 분간 중단됩니다 결제는 일 오후 시 분부터 일 오전 시 분까지 시간 분간 이용할 수 없습니다 카카오뱅크도 체크카드 업무를 대행하는 카드의 차세대 전산 시스템 개설과 해외송금 제휴사의 업무 중단에 따라 일부 서비스가 제공되지 않습니다 먼저 일 시부터 일 시까지 나흘간 신규 재발급과 해외 안심 결제 시큐어 의 신규 등록이 중단됩니다 일 오후 시 분부터 이튿날 시 분까지 분간은 온 오프라인 카드 결제가 중단됩니다 같은 시간 카드 신청과 사용 등록 분실 도난 사고 신고 접수 서비스가 멈춥니다 해외 계좌 송금받기 해외 송금 반환 거래 외국환 은행 지정 서비스는 연휴 내내 중단됩니다 단 해외송금 서비스 중 송금은 정상 운영됩니다 류정훈 기자 의견 있는 경제채널 홈페이지 경제를 실험한다 머니랩 네이버 저작권자 미디어넷 무단전재 재배포 금지 "
"43"," 오류를 우회하기 위한 함수 추가 올해 추석 고향에 갈 때 연휴 첫날인 일 오후 시 이후에 출발하면 교통 정체를 다소 피할 수 있다는 예측이 나왔습니다 카카오모빌리티가 최근 년치 카카오내비 빅데이터를 활용해 서울에서 부산 대전 광주간 고속도로의 추석 연휴 교통량을 분석한 결과 귀성은 일 오후 시 이후 귀경은 일 오후 시 이후에 출발하면 극심한 정체는 피할 수 있을 것으로 예측됐습니다 고속도로가 가장 막히는 시점은 귀성길은 일 오전 시에서 오후 시 귀경길은 일 오전 시에서 오후 시로 예상됐습니다 카카오모빌리티는 정체 중에 고속도로 휴게소를 이용해야 한다면 휴게소 사이의 거리와 교통량 소요 시간 등을 고려할 때 경부고속도로는 죽암휴게소 서해안고속도로는 서산휴게소를 들르는 것이 좋겠다고 추천했습니다 지영은 기자 저작권자 무단복제 재배포 금지 네이버 홈에서 뉴스 채널 구독하기 엠빅뉴스 차 번호 개까지 외웠던 전설의 수문장 권문현 지배인 경찰 신상공개 결정된 흉악범죄자의 머그샷 공개 검토중 "
"44"," 오류를 우회하기 위한 함수 추가 취업 압박감에 연휴에도 못 쉬고 구직활동취업 이태호 제작 일러스트 서울 연합뉴스 김영신 기자 직장인 명 중 명이 추석 연휴에 이직을 준비한다는 조사 결과가 나왔다 일 취업포털 잡코리아가 최근 직장인 명을 대상으로 실시한 설문조사 결과에 따르면 가 추석 연휴에 이직 준비를 하겠다 고 답했다 취업준비생 명 중 도 연휴에 취업 준비를 한다고 응답했다 직장인과 취업준비생이 모두 명절 연휴에 구직 활동을 하는 이유는 취업 압박감 때문이다 그만큼 취업이 급하고 중요해서 라는 응답이 직장인은 취업준비생은 였다 어차피 마음 편히 쉴 수 없다 직장인 취준생 쉬는 것이 눈치가 보인다 직장인 취준생 라는 의견도 많았다 추석 연휴에 하는 구직활동은 채용 공고 검색 이력서 자기소개서 작성 어학 자격증 시험 준비 등이다 이들과 달리 하반기에 취업 이직 계획이 있지만 연휴에는 쉬겠다는 응답자는 였다 추석 연휴에 구직활동을 하지 않는 이유는 어차피 집중이 안 될 것 같아서 연휴에는 충전을 하기 위해 가 많았다 확 달라진 연합뉴스 웹을 만나보세요 네이버 연합뉴스 채널 구독 뭐 하고 놀까 흥 "
"45"," 오류를 우회하기 위한 함수 추가 일 함께 웃을 수 있는 날 위해 노력 추석 내내 반가운 마음 가득하길 기원 문재인 대통령이 추석 연휴를 하루 앞둔 일 추석 인사를 하고 있다 사진 청와대 제공 파이낸셜뉴스 문재인 대통령은 추석 연휴를 하루 앞둔 일 보름달이 세상을 골고루 비추듯 국민 모두에게 공평한 나라를 소망한다 고 말했다 문 대통령은 이날 국민들에게 보내는 추석 인사 를 통해 함께 웃을 수 있는 날을 위해 항상 노력하겠다 추석 내내 반가운 마음 가득하길 기원한다 며 이같이 밝혔다 문 대통령은 먼저 태풍으로 피해 입은 분들께 위로의 말씀을 드린다 며 서로를 격려하고 기쁜 소식을 나누는 따뜻한 명절이 되길 바란다 고 희망했다 이어 고향의 달은 유난히 더 크고 밝다 며 우리를 기다리며 더 커지고 골고루 빛을 나눠주기 위해 더 밝아졌다 고 덧붙였다 연휴 기간에도 사회 곳곳에서 근무하는 분들을 향해서는 우리 주변에도 보름달 같은 분들이 많다 며 어려운 이웃들과 마음을 나누고 계신 분들 연휴 동안에도 국민의 안전을 위해 일하시는 분들께 깊이 감사드린다 고 인사를 전했다 문 대통령은 활력있는 경제가 서로를 넉넉하게 하고 공정한 사회가 서로에게 믿음을 주며 평화로운 한반도가 서로의 손을 잡게 할 것 이라며 우리는 지금 함께 잘 사는 나라를 위해 새로운 길을 가고 있다 그 길 끝에 더도 말고 덜도 말고 한가위만 같은 날이 있으리라 확신한다 고 강조했다 그러면서 보름달이 어머니의 굽은 등과 작은 창문에까지 세상을 골고루 비추듯이 국민 모두에게 공평한 나라를 소망한다 고 힘주어 말했다 다음은 문 대통령의 추석 인사 전문 국민 여러분 해외 동포 여러분 정겨운 가족 친지들과 행복한 시간 보내고 계십니까 태풍으로 피해 입은 분들께 위로의 말씀을 드리며 서로를 격려하고 기쁜 소식을 나누는 따뜻한 명절이 되길 바랍니다 고향의 달은 유난히 더 크고 밝습니다 우리를 기다리며 더 커지고 골고루 빛을 나눠주기 위해 더 밝아졌습니다 우리 주변에도 보름달 같은 분들이 많습니다 어려운 이웃들과 마음을 나누고 계신 분들 연휴 동안에도 국민의 안전을 위해 일하시는 분들께 깊이 감사드립니다 활력있는 경제가 서로를 넉넉하게 하고 공정한 사회가 서로에게 믿음을 주며 평화로운 한반도가 서로의 손을 잡게 할 것입니다 우리는 지금 함께 잘 사는 나라를 위해 새로운 길을 가고 있습니다 그 길 끝에 더도 말고 덜도 말고 한가위만 같은 날이 있으리라 확신합니다 보름달이 어머니의 굽은 등과 작은 창문에까지 세상을 골고루 비추듯이 국민 모두에게 공평한 나라를 소망합니다 함께 웃을 수 있는 날을 위해 항상 노력하겠습니다 추석 내내 반가운 마음 가득하길 기원합니다 감사합니다 김호연 기자 헉 소리나는 스 토리 뉴스 헉스 클릭해 뉴스 들어간다 뉴스쿨 세상에 이런일이 파스 저작권자 파이낸셜뉴스 무단 전재 재배포 금지 "
"46"," 오류를 우회하기 위한 함수 추가 길게 늘어선 차량 행렬 전주 연합뉴스 임채두 기자 추석 연휴 셋째 날인 지난 일 오전 호남고속도로 상행선 전주 부근에 차량이 길게 늘어서 있다 항공촬영협조 전북경찰청 항공대 기장 권혜천 경감 부기장 김인수 경위 서울 연합뉴스 권선미 기자 추석 연휴 마지막 날인 일 오전 고향을 찾았다가 수도권으로 돌아오는 귀경 차량이 서서히 몰리면서 정체가 시작될 전망이다 한국도로공사에 따르면 이날 오전 시 분부터 경부고속도로 서울 방향 안성분기점 인근 구간에서 차들이 정체되고 있다 도로공사는 이날 하루 교통량이 만대에 이를 것으로 예상했다 이 중 고속도로로 수도권에서 지방으로 이동하는 차량이 만 대 지방에서 수도권으로 가는 차량은 만 대로 추산된다 이날 오전 시 승용차로 전국 주요 도시에서 출발해 서울요금소까지 걸리는 시간은 부산 시간 울산 시간 분 목포 시간 분 대구 시간 광주 시간 분 강릉 시간 대전 시간 등이다 서울 요금소에서 전국 주요 도시까지 소요시간은 대전 시간 분 강릉 시간 분 광주 시간 분 목포 시간 분 대구 시간 분 울산 시간 분 부산 시간 분 등으로 예상된다 오전 시께 시작된 서울 방향 정체는 오후 시에 절정에 이르렀다가 오후 시부터 해소될 전망이다 도로공사는 추석 연휴 마지막 날 오후 시간대에 막바지 귀경차량으로 인해 혼잡할 것으로 예상되나 평소 주말 수준일 것 으로 전망했다 일 오전 시 기준 전국 주요도시간 예상 소요시간 한국도로공사 제공 확 달라진 연합뉴스 웹을 만나보세요 네이버 연합뉴스 채널 구독 뭐 하고 놀까 흥 "
"47"," 오류를 우회하기 위한 함수 추가 텔레콤 모델이 맵을 홍보하고 있다 텔레콤 제공추석 연휴 기간 운전자들이 찾은 인기 목적지는 인천국제공항 터미널 통합 기준 인 것으로 나타났다 인천국제공항은 지난 년부터 년째 추석 연휴 기간 부동의 목적지 순위 위를 기록 중이다 텔레콤은 세대 시대의 첫 추석 당일인 지난 일 맵 사용자가 역대 최다인 만 명을 기록하며 기존 기록인 지난 월말의 만명을 넘어섰다고 일 밝혔다 또한 이날 운전자들의 길안내 요청 건수도 총 만여건 재탐색 포함 전체 요청건수는 억 만여건 으로 역대 최다를 기록했다 추석 연휴 기간 일별 이용자수는 일 만을 시작으로 일 만 일 만 일 만 일 만을 각각 기록했다 이 기간의 사용자수는 총 만명에 달했다 기반의 음성 를 통해 운전 중 안전하게 전화 수발신은 물론 주유소 찾기나 음악재생 등 다양한 기능을 이용할 수 있는 맵 누구 인사이드 서비스 이용도 크게 증가해 일 만여명을 기록했다 인포그래픽 텔레콤인천국제공항에 이어 번째와 번째 인기 목적지는 스타필드 하남과 스타필드 고양인 것으로 나타났다 지난 년 추석 연휴 기간에는 위 목적지였던 스타필드 하남점 는 년 고양점 오픈 이후에는 양 매장이 상위권에 머물며 추석 연휴 최고의 핫플레이스임을 증명했다 이어 신세계사이먼 여주 프리미엄 아울렛 동서울종합터미널 에버랜드 현대프리미엄아울렛 김포점 신세계사이먼 파주 프리미엄 아울렛 국립이천호국원 광명역 순으로 운전자들의 방문이 많았던 것으로 나타났다 장유성 텔레콤 장유성 모빌리티 사업단장은 월 평균 실사용자 만명의 맵이 지난 추석 다시 한 번 고객의 사랑 덕분에 역대 최다 일간 사용자인 만명을 기록하게 돼 기쁘다 며 앞으로도 맵 기본 성능의 끊임없는 향상과 함께 다양한 편의 기능을 추가해 운전자들의 이용 편의를 극대화 시키겠다 고 밝혔다 이경탁 기자 "
"48"," 오류를 우회하기 위한 함수 추가 알바생 분의 는 추석연휴에도 근무 서울 연합뉴스 최재서 기자 직장인과 아르바이트생의 절반이 추석 연휴에도 쉬지 못하고 출근할 것으로 보인다 취업포털 잡코리아는 일 직장인 명과 알바생 명을 대상으로 추석 연휴 근무 현황을 조사한 결과 직장인의 알바생의 가 근무하는 것으로 나타났다 그중 추석 당일인 일에도 근무하는 직장인과 알바생은 였다 직장인 직무별로는 영업 관리 직무의 홍보 마케팅의 생산 제조의 가 출근 예정이라고 답해 비중이 높았다 아르바이트생은 매장관리 업무 가 추석 연휴에 출근한다고 답했다 추석에 근무 예정인 응답자 가운데 별도 수당 없이 평소와 같은 급여가 지급된다 고 답한 직장인은 알바생은 에 달했다 또한 직장인의 알바생의 만이 추석 근무로 보상 휴가가 주어진다고 답했다 추석 연휴에도 출근하는 이유로는 매장 사무실이 정상 운영하기 때문 이라는 답변이 로 가장 많았고 추가수당 등 돈을 벌기 위해 자발적으로 출근 이 로 뒤를 이었다 알바생 직장인 추석 연휴에도 일해요 잡코리아 제공 확 달라진 연합뉴스 웹을 만나보세요 네이버 연합뉴스 채널 구독 뭐 하고 놀까 흥 "
"49"," 오류를 우회하기 위한 함수 추가 앵커 명절을 앞두고 택배를 많이 주고 받죠 상품권 구입도 이맘 때 크게 늘어나는데요 공정위와 소비자원이 추석을 맞아 항공과 택배 상품권 분야에 대해 소비자 피해주의보를 발령했습니다 어떤 점에 유의해야 하는지 모은희 기자가 전합니다 리포트 추석을 앞두고 항공 택배 상품권에 대해 공정거래위원회와 한국소비자원이 소비자 피해주의보를 발령했습니다 항공과 택배 상품권은 추석 연휴가 낀 월과 월에 소비자 이용이 큰 폭으로 증가하며 피해 건수도 지난해 여 건을 기록하는 등 해마다 급증하고 있습니다 항공의 경우 여행일정 지연과 수하물 분실에 대해 항공사가 배상을 거부하는 피해 사례가 주로 꼽혔습니다 택배는 물품 분실과 파손 배송 지연을 비롯해 식품이 변질된 상태로 배송되는 피해 사례도 있었습니다 상품권의 경우 유효기간 경과로 사용을 거절당하거나 환급 받지 못하는 사례가 주로 발생했습니다 공정위와 소비자원은 해당 서비스나 상품을 선택할 때 거래 조건과 상품정보 등을 꼼꼼히 따져볼 것을 조언했습니다 항공권은 취소와 환불 규정을 미리 확인하고 수하물 관련 피해가 생겼을 경우 공항 내 항공사 직원에게 즉시 신고하는 게 좋습니다 택배는 주일 이상 여유를 두고 의뢰하고 배송이 완료될 때까지 운송장을 반드시 보관해야 피해를 줄일 수 있습니다 상품권은 인터넷 광고를 통해 대량구입을 유인하는 곳은 이용을 삼가고 가맹점 종류와 유효기간을 구입 전에 확인해야 합니다 소비자 피해가 발생하면 소비자상담센터 나 열린소비자포털 에서 구제를 신청할 수 있습니다 뉴스 모은희입니다 모은희 기자 여심야심 與心ㆍ野心 취재기자가 전하는 국회 뒷 이야기 네이버 채널 뉴스 구독 시원하게 털어드립니다 보다 ㄹㅇ 당신의 진짜 뉴스 케이야 "
"50"," 오류를 우회하기 위한 함수 추가 특권 사다리 꼬리표 떼기 숙제 남았다부산시교육청이 부산국제중을 다른 형태로 변화 발전시키기 위한 방안 찾기에 나선다 부산국제중 전경 부산시교육청 제공부산시교육청이 부산국제중학교 재지정을 승인해 학교 유지 쪽으로 가닥 부산일보 일 자 면 보도 을 잡았지만 내부적으로는 학교를 다른 형태로 변화 발전시키기 위한 방안 찾기에 골몰하고 있다 교육과정에 맞게 운영되고 있는 학교를 정치논리로 지정 취소할 수는 없어 일단 재지정은 했지만 많은 과제를 안고 있어 변화가 필요하다는 판단에서다 앞서 전국교직원노동조합 부산지부는 일 보도자료를 내고 국제중학교도 자사고 등과 같은 특권학교이므로 일반중학교로 전환하라 면서 부산시교육청의 국제중 재지정 결정은 특권학교 폐지라는 시대적 추세에 역행하므로 규탄 받아 마땅하다 고 주장했다 전교조 시대 추세 역행 규탄시교육청 구성 변화 모색 미래 교육 비전 제시 거듭나야 전교조는 특히 부산국제중이 일반중보다 더 많은 재정적 지원을 받고 있으며 전체 입학생의 가 일반전형으로 입학해 국제중의 설립 목적에도 맞지 않고 학교가 특권 사다리 역할을 하고 있다고 주장했다 실제로 년 국제중 졸업생의 가 과학고 외고 국제고 자사고에 진학해 이 같은 주장을 일정 부분 뒷받침한다 이에 대해 부산시교육청은 초기에는 초등학교 학급당 명만 지원을 할 수 있고 초등 학년 년간 전과목 수 를 받아야 입학할 수 있었기 때문에 사교육을 부추기는 특권학교라는 지적이 있었지만 지금은 누구나 희망만 하면 원서를 내 추첨으로 입학 기회를 얻을 수 있고 학비도 무료여서 꼭 그렇지만은 않다 면서도 그럼에도 결과적으로 많은 학생이 특목고에 진학하고 있다 추첨 운이 좋은 몇몇 학생들에게만 혜택이 돌아가게 하는 것이 맞느냐에 대한 고민이 있다 고 말했다 부산시교육청은 올 월부터 를 구성해 학교 변화 방안을 모색하고 있고 다양한 가능성을 열어 놓고 의견을 모으고 있다 는 다문화 학생들을 위한 공립 다문화학교 해외 귀국 학생들만을 위한 국제학교 부산 미래학교의 모델이 될 수 있는 학교 등을 제시하고 있다 를 이끄는 시교육청 산하 부산교육정책연구소 이미선 소장은 글로벌 인재를 양성하기 위한 교육과정이나 작은 학교로서의 이점 외국생활을 오래 한 학생과 국내파 학생 간의 상호작용 등 년 넘게 쌓은 노하우를 잘 살려 나갈 수 있어야 한다 면서 부산 미래 교육의 비전을 제시할 수 있는 학교로 거듭날 수 있게 지혜를 모아야 한다 고 말했다 부산국제중은 년 전국 최초로 만들어진 국제중학교다 국제화 시대를 선도할 유능한 인재를 양성하고 해외귀국자와 외국인 자녀에게 필요한 교육을 하기 위해 만들어졌다 한편 연간 만 원에 가까운 학비를 받으며 교육 불평등을 심화시킨다는 지적을 받아 온 서울의 대원국제중과 영훈국제중의 경우 최근 일반중으로 전환하는 절차에 돌입했다 이현정 기자 네이버에서 부산일보 구독하기 클릭 터치 부산 앱 출시 부산일보 지면을 내 손 안에 부산일보 홈 바로가기 "
"51"," 오류를 우회하기 위한 함수 추가 사진 뉴스 파이낸셜뉴스 신형 스마트폰 출시와 추석 연휴에 따른 계절적 수요확대 등으로 월 기업 체감경기가 개선됐다 한국은행이 일 발표한 년 월 기업경기실사지수 에 따르며 를 보면 월 전 산업의 업황 는 한 달 전보다 포인트 상승한 를 기록했다 란 기업이 인식하는 경기를 보여주는 지표로 기준치인 미만이면 경기를 비관하는 기업이 좋게 보는 기업보다 많다는 뜻이다 제조업 업황 는 으로 전월보다 포인트 올랐다 업종별로는 전자 영상 통신장비가 신형 스마트폰 출시의 영향으로 포인트 상승했다 식료품도 추석의 영향으로 매출이 증가하면서 포인트 상승을 기록했다 반대로 자동차는 추석연휴에 따른 조업일수 감소로 포인트가 하락했다 기업 규모별로 보면 대기업은 로 포인트 중소기업은 로 포인트 전달과 비교해 올랐다 기업 형태별로는 수출기업이 로 포인트 올랐고 내수기업도 으로 포인트 상승했다 비제조업 업황 는 로 포인트 상승을 나타냈다 도소매업 포인트 정보통신업 포인트 부동산업 포인트 등이 상승의 중심이었다 도소매업은 명절 등에 따른 매출 증가 영향 정보통신업은 시스템 구축 및 관리 서비스 수익 증가 부동산업은 아파트 분양 증가 등에 영향을 받았다 기업들이 앞으로의 경기를 어떻게 인식하는지를 보면 월 전 산업 업황전망 는 로 포인트 상승했다 제조업 업황전망 는 전자 영상 통신장비와 고무 플라스틱 등이 상승하면서 포인트 상승한 을 보였다 비제조업 업황전망 는 로 도소매업과 부동산업 운수창고업 등을 중심으로 상승해 전월대비 포인트 올랐다 에 소비자동향지수 를 합쳐 산출한 경제심리지수 는 전월대비 포인트 상승한 였다 계절적 요인 불규칙 변동을 제거한 순환변동치는 포인트 내린 이었다 한은 관계자는 경제심리가 반등보다는 횡보하고 있다고 본다 고 전했다 예병정 기자 헉 소리나는 스 토리 뉴스 헉스 클릭해 뉴스 들어간다 뉴스쿨 세상에 이런일이 파스 저작권자 파이낸셜뉴스 무단 전재 재배포 금지 "
"52"," 오류를 우회하기 위한 함수 추가 추석 아침 인천공항에 도착할 예정이던 태국 방콕발 아시아나항공 여객기가 기체 결함으로 출발이 지연돼 명 가까운 승객이 현지에 발이 묶여 불편을 겪고 있습니다 해당 항공편은 출발이 하루 가까이 지연될 예정이어서 한국에서 추석을 쇠려던 승객들이 불만을 토로하고 있습니다 아시아나항공에 따르면 한국시간으로 오늘 새벽 시 분 방콕 수완나품 공항을 떠나 인천으로 올 예정이던 편 여객기가 출발 직전 기체에서 이상 징후가 감지돼 출발이 연기됐습니다 아시아나는 해당 여객기가 승객 탑승 전 기내 공기압이 누설된다는 메시지가 떠 문제를 해결하기 위해 정비를 받고 있다고 전했습니다 이 항공기에는 승객 명이 탑승할 예정이었습니다 승객들은 공항에서 출국 수속을 마치고 탑승을 기다리던 중 지연 안내를 받았습니다 승객들은 아시아나는 부품 공수 중이라는 말만 하고 담요와 물을 나눠준 채 승객들을 공항에 무작정 대기하게 하고 있다 추석을 쇠러 한국에 가야 하는데 공항에 발이 묶여 난감하다 고 불만을 터뜨렸습니다 아시아나 관계자는 필요한 부품을 수배해 방콕으로 보낼 준비를 하고 있다 며 정비가 늦어져 탑승 전 승객들을 인근 호텔로 안내했다 고 말했습니다 아시아나는 부품이 방콕에 도착한 뒤 정비가 완료되려면 출발 예정 시간이 당초보다 시간 늦어질 것으로 예상했습니다 이에 따라 해당 항공편의 인천 도착 시각은 한국시간으로 오늘 오전 시 분에서 내일 일 오전 시 분쯤으로 미뤄질 전망입니다 사진 연합뉴스 한지연 기자 인 잇 사람과 생각을 잇다 기사 모아보기 조국 법무부장관 의혹 수사 무단복제 및 재배포 금지 "
"53"," 오류를 우회하기 위한 함수 추가 롯데 현대 신세계 갤러리아 등 빅 백화점이 일부터 추석 선물세트 본 판매를 시작한다 롯데백화점은 일부터 다음 달 일까지 소공동 본점 잠실점 부산본점 등 전 점포에서 추석 선물세트 판매에 본격 나선다 신세계백화점은 일부터 본격적인 추석 선물세트 판매에 돌입한다 신세계 제공프리미엄 선물세트와 우수 농장 세트 이색 선물세트 등 다양한 농 축 수산물과 가공 생활 선물세트 여품목을 준비했다 최고급 한우로 구성한 세트 세트 한정 와 참조기를 엄선해 만든 영광 법성포 굴비 세트 황제 특 등급 보르도 와인으로 구성한 대 샤또 빈티지 밀레니엄 세트 등이 프리미엄 선물세트로 구성됐다 자체브랜드 콘텐츠를 이용해 만든 이색 선물세트도 출시한다 롯데백화점 잠실점 내 가구 편집숍 상품으로 구성한 라체르타 호작도 메를로 호호당 놋수저 인 세트 등이 대표 상품이다 현대백화점도 오는 일부터 다음 달 일까지 압구정본점 등 전국 개 점포에서 추석 선물세트 본 판매 행사를 한다 현대백화점은 이번 본 판매 기간에 명절 대표상품으로 꼽히는 한우 선물세트의 품목 수와 물량을 전년 대비 씩 늘렸다 인 가구의 증가에 따라 소포장 선물세트도 물량을 확대했다 신세계백화점도 일부터 특설매장을 통해 본격적인 선물세트 판매에 나선다 신세계는 올해 선물세트 물량을 작년 추석보다 정도 늘어난 만 세트 준비했다 프리미엄 제품과 만원 이하 제품을 강화했다 갤러리아백화점도 일부터 내달 일까지 추석 선물세트 본격 판매에 돌입한다 갤러리아는 전년보다 여개 늘어난 개의 상품을 선보인다 갤러리아백화점은 환경보호를 위한 텀블러 에코백 친환경세제 험블 브러쉬 세트 플라스틱이 아닌 대나무로 만든 생활용품 반려동물을 위한 사랑의 이름표 스킨케어 나들이용품 건강 세트 등 지속 가능한 가치 전파를 위한 선물세트를 선보인다 유윤정 기자 "
"54"," 오류를 우회하기 위한 함수 추가 온라인 예매는 종전대로 오전 시부터 온라인 비중 로 늘려 일 경부 경전 동해 충북선 일 호남 전라 강릉 장항선 승차권 예매 대기 중 서울 연합뉴스 윤동진 기자 추석 열차 승차권 예매가 시작된 일 오전 서울역에서 시민들이 표를 사기 위해 기다리고 있다 대전 연합뉴스 유의주 기자 추석 열차 승차권 예매가 일 서울역 등 전국 주요 역 창구와 승차권 판매대리점 온라인 등에서 시작됐다 코레일에 따르면 일은 경부 경전 동해 충북선 일에는 호남 전라 강릉 장항 중앙선 등의 승차권을 예매한다 고객 대기시간을 줄이기 위해 역과 승차권 판매대리점의 예매 시작 시각을 오전 시로 시간 앞당겼다 홈페이지와 모바일 등 온라인 예매는 종전과 같이 오전 시부터 오후 시까지다 예매 대상은 월 일 일간 운행하는 새마을 무궁화호 열차와 관광전용 열차 승차권이다 온라인에서 예약한 승차권은 일 오후 시부터 일 자정까지 결제해야 한다 결제하지 않은 승차권은 자동으로 취소돼 예약 대기 신청자에게 우선 제공된다 추석 열차 승차권 예매 기다리는 시민들 서울 연합뉴스 윤동진 기자 추석 열차 승차권 예매가 시작된 일 오전 서울역에서 시민들이 승차권을 사기 위해 기다리고 있다 코레일에 따르면 일은 경부 경전 동해 충북선 일에는 호남 전라 강릉 장항 중앙선 등의 승차권을 예매한다 예매 기간에 판매되고 남은 좌석은 일 오후 시부터 일반 승차권과 동일하게 구매할 수 있다 꾸준히 높아지는 온라인 예매 선호도를 반영해 인터넷에 역과 판매 대리점에 를 배정했다 지난해부터 도입한 모바일 예매로 출근길이나 이동 중 어디서든 승차권을 구매할 수 있다 기존 시각장애인과 지체장애인 뇌병변 장애인 사전 등록 절차 완료한 회원 에게 제공됐던 예매 서비스는 올 추석부터 모바일로 확대된다 접속 시간 연장 서비스도 텍스트 리딩 등의 소요 시간을 고려해 기존 분에서 분으로 늘린다 승차권 불법유통과 부당 확보를 막기 위해 회에 최대 매까지만 예매가 허용되며 인당 최대 매까지 살 수 있다 모바일 예매는 승차권 앱인 코레일톡 에서 할 수 없고 웹브라우저를 통해 명절 승차권 예매 전용 홈페이지 에 접속한 뒤 해야 한다 추석 열차 예매가 시작됐습니다 서울 연합뉴스 윤동진 기자 추석 열차 승차권 예매가 시작된 일 오전 서울역에서 시민들이 승차권 구입 신청서를 작성을 위해 시간을 확인하고 있다 예매 기간 역 내 자동발매기로는 명절 승차권을 구매할 수 없다 자세한 사항은 레츠코레일 홈페이지 를 참조하거나 철도고객센터 에서 확인할 수 있다 이선관 코레일 고객마케팅단장은 최근 예매 추세를 반영하고 좀 더 편하게 명절 승차권을 예매할 수 있도록 했다 고 말했다 은 일 별도로 예매를 진행한다 확 달라진 연합뉴스 웹을 만나보세요 네이버 연합뉴스 채널 구독 뭐 하고 놀까 흥 "
"55"," 오류를 우회하기 위한 함수 추가 는 추석을 앞두고 억원 규모의 협력사 납품 대금을 오는 일까지 조기 지급한다고 일 밝혔다 이번 결정으로 명절을 앞두고 자금 수요가 많은 협력사의 부담이 완화될 것으로 보인다 는 지난해 추석에도 약 억원의 납품 대금을 미리 지급해 협력사 자금 운용에 도움을 줬다 이와 함께 는 협력사가 본연의 업무 이외에 다른 부담을 가지지 않도록 클린 캠페인을 월 일부터 일까지 진행한다 이 기간 협력사를 포함한 이해관계자가 임직원에게 선물을 제공할 경우 수취거부 의사를 확실히 밝히고 그럼에도 선물을 보내면 거절 서한을 첨부해 반송한다 박종열 전략실장 상무 는 사회적 책임을 완수하기 위해 추석 명절전 납품 대금 조기 지급을 결정했다 며 협력사 동반성장을 위한 지원과 인식 개선 캠페인을 지속해 서로 상생하는 문화를 정착시킬 것 이라고 말했다 이경탁 기자 "
"56"," 오류를 우회하기 위한 함수 추가 롯데 노포맛집 선물세트 기획현대 혼합 과일 상품 대거 선봬신세계 육포 등 프리미엄 확대 현대백화점은 과일 콜라보 상품을 대거 선보인다 주요상품은 사과 배 샤인머스켓을 혼합한 혼합 선물세트 만 만원 다 신세계백화점은 만원에 달하는 명품 한우 육포 를 선보인다 등급 한우 우둔과 함께 채끝을 엄선해 구성했다 롯데백화점은 씨간장 와 된장 으로 구성된 남파고택 년 씨간장 리미티드 세트 를 만원에 선보였다 민족 최대 명절인 추석을 맞아 일 롯데 현대 신세계 등 국내 대 백화점에서는 각 사를 대표하는 이색 선물세트를 출시하며 경쟁에 나섰다 명절 선물세트를 대표해 왔던 한우선물세트 캔참치세트 등 천편일률적인 선물세트를 벗어나 유명 노포 음식이 담긴 선물세트 다양한 상품이 한꺼번에 담긴 콜라보 세트 등이 선보여 눈길을 끈다 롯데백화점은 이번 추석 선물세트에 고유의 비법과 명성을 간직한 노포 맛집과 협업해 노포 맛집 선물세트 를 기획했다 대표적으로 전라남도의 유명 종가 남파고택 의 선물세트를 선보인다 남파고택 은 나주 밀양박씨의 고택으로 년에 지어져 중요민속문화재 호로 등재돼 있다 특히 전통방식 그대로 띄운 메주와 년 이상 대물림하는 간장을 함께 가마솥에 달여 만든 씨간장 과 년 넘게 숙성을 시킨 된장 나주 청정 한우에 대에 걸친 씨간장으로 맛을 더한 한우 장조림 이 유명하다 이번 추석 선물세트에는 씨간장 와 된장 으로 구성된 남파고택 년 씨간장 리미티드 세트 를 만원에 남파고택 한우 장조림 세트 를 만 원에 선보인다 또한 전라북도 군산 노포 맛집인 계곡가든 의 계곡가든 게장 세트 호 를 만 원에 간장게장과 양념게장이 혼합된 계곡가든 혼합 세트 호 를 만 원에 선보인다 현대백화점은 서로 다른 종류의 상품을 함께 넣은 이색 명절 선물세트를 선보인다 단일 품목의 대용량 선물세트 대신 용량이 작지만 여러 품목이 포함된 선물세트로 늘어나는 인 가구를 공략하겠다는 것이다 현대백화점은 다음달 일까지인 년 추석 선물세트 판매 기간 컬래버레이션 선물세트를 지난 추석 때보다 배 늘린 종을 선보인다 현대백화점 관계자는 인 가구가 크게 늘어나면서 콜라보 선물을 찾는 고객들이 늘어나고 있다 며 식구수가 적은 만큼 단일 품목의 대용량 제품보다는 여러 품목이 함께 구성된 소용량 제품을 더 선호하고 있는 상황 이라고 설명했다 현대백화점은 과일 콜라보 상품을 대거 선보인다 대표적으로 아보카도와 망고를 섞은 아보카도 망고세트 만 원 만 원 와 사과 배 샤인머스켓을 혼합한 혼합 선물세트 만 만원 등이다 특히 올해 추석에는 멜론 거봉 사과 황금향 등으로 구성된 과일 바구니세트 만원 만원 도 명절 선물세트로 내놓았다 신세계백화점은 만원에 달하는 명품 한우 육포를 선보이는 등 명품 선물세트에 사활을 걸었다 신세계백화점은 올 추석 품목을 지난해 개에서 개로 개 품목을 늘린다 기존 한우 굴비 과일로만 꾸려졌던 에 처음으로 갈치 육포 곶감 견과류를 추가했다 명품 한우 육포 는 등급 국내산 한우 우둔과 함께 값이 비싸 주로 구이용으로만 판매되던 채끝을 엄선해 구성했다 기존 육포에 비해 부드럽고 풍미가 뛰어난 것이 특징이다 또 굴비만큼 비싼 명품 갈치도 내놓는다 명품 제주 冬 갈치 세트로 청정 제주에서 살집이 오르는 겨울에 어획한 제철 갈치 중에 특대 사이즈만 선별한 것으로 가격은 만원이다 박신영 기자 헉 소리나는 스 토리 뉴스 헉스 클릭해 뉴스 들어간다 뉴스쿨 세상에 이런일이 파스 저작권자 파이낸셜뉴스 무단 전재 재배포 금지 "
"57"," 오류를 우회하기 위한 함수 추가 직장인들이 추석 명절에 친지들로부터 가장 듣기 싫어하는 말은 결혼 출산과 연봉 문제 등이라는 조사 결과가 나왔습니다 취업포털 잡코리아가 최근 성인 남녀 천여 명을 대상으로 설문조사한 결과 직장인의 경우 가장 많은 가 가장 듣기 싫은 말로 결혼 혹은 출산은 언제쯤 을 꼽았습니다 뒤이어 가 연봉은 얼마인지 를 가 돈을 얼마나 모았는지 를 꼽았고 는 살 좀 빼야겠다 혹은 찌워야겠다 라고 답했습니다 취업준비생의 경우 응답자의 절반에 가까운 가 취업은 언제 할 거냐 는 질문을 꼽았고 대학생은 앞으로 계획이 뭐냐 가 로 가장 많았습니다 김경호 기자 저작권자 무단복제 재배포 금지 네이버 홈에서 뉴스 채널 구독하기 엠빅뉴스 고향 가는 길 고속도로 생중계로 본 역대 추석 귀성길 부장님에게 미움받기 딱 좋은 대답은 "
"58"," 오류를 우회하기 위한 함수 추가 일 오후 시 조국 임명 철회 서울역 인시위 예고 오마이뉴스 김종훈 기자 자유한국당 황교안 대표가 일 오후 서울 광화문광장 앞 세종대로 사거리에서 조국 법무부 장관 임명 철회 인 시위를 하고 있다 이희훈 생명과 자유는 날마다 얻어지는 게 아니다 쟁취해야 얻어지는 것이다 황교안 자유한국당 대표가 일 오전 자신의 페이스북에 남긴 말이다 황 대표는 이 글에서 조국 사태는 문재인 정권 시대에 우리 야당이 무엇을 해야 하는지 국민들께서 야당에 무엇을 요구하고 있는지 통렬하게 깨우쳐 줬다 면서 지금까지 그런 역할을 충분히 해내지 못했다는 뼈아픈 반성도 했다 현 정권을 바라보는 국민의 시선 조국사태의 전과 후가 다르듯이 저희 자유한국당도 조국 사태 이전과 이후가 다를 것이다 라고 다짐했다 그러면서 황 대표는 자신이 추석 연휴 기간 읽은 루돌프 예링의 책 권리를 위한 투쟁 을 언급하며 오늘 일 도 오후 시에 서울역 광장에서 조국 임명 철회 인 시위 를 한다 마음으로 함께해 달라 라고 강조했다 앞서 황 대표는 추석 연휴 첫날인 지난 일에도 자신의 페이스북에 추석이 이렇게 흉흉했던 적이 없었다 면서 자유민주주의가 흔들리고 있다 이제 우리가 몸으로 전략으로 정책으로 투쟁해야 한다 라는 메시지를 남기고 오후 시부터 시간 가량 서울역에서 조국 임명 철회 인시위 를 진행한 바 있다 연이은 인 시위 이유는 자유한국당 황교안 대표와 인천 지역구 의원 등이 일 오후 인천 부평구 문화의거리 입구에서 열린 문재인 정권 순회 규탄대회에 참석하고 있다 이희훈 황교안 대표는 지난 일부터 귀성 인사 대신 살리자 대한민국 문재인 정권 순회 규탄 집회를 이어갔다 일 서울 신촌과 왕십리 고속버스터미널 등 서울 지역 주요 거점에서 릴레이 집회와 인 시위를 진행했다 일에는 인천과 부평 수원 성남 등에서 자유한국당 당직자들과 함께 집회를 진행했다 당시 황 대표는 부평 문화의 거리에서 진행된 집회에서 무도한 정부 밑에서 잘 사는 대한민국이 불과 년 만에 폭망해버렸다 면서 학생들의 아르바이트 자리도 없는 나라 우리가 정말 꿈꾸던 나라인가 겉으론 공정과 자유를 외치고 그동안 정의를 외쳤던 문재인의 민낯 이라고 목소리를 높였다 이런 상황에서 황 대표는 지난 일 오후 시 서울역 대합실 근처에서 조국 임명 철회하라 대한민국 국민 황교안 라고 써진 대형 피켓을 들고 시간 가량 홀로 인시위를 벌였다 당시 황 대표는 대합실 근처를 오가는 시민들에게 고개를 숙여 인사하며 자신을 알아보고 인사를 건네는 시민들과 일일이 악수했다 현장에 모인 기자들에게는 별도의 공개발언을 하지 않았다 추석 연휴 고향으로 떠나는 귀성객 을 향해서만 무언의 메시지를 강조한 셈이다 같은 날 가 한국리서치에 의뢰해 전국 만 세 이상 성인남녀 명 유선 명 무선 명 을 대상으로 일부터 일까지 실시한 여론조사 결과에 따르면 조 장관 임명에 대한 부정 평가가 긍정 평가는 로 집계됐다 모름 무응답 비율은 오차 범위를 넘어서는 수치다 일 황교안 자유한국당 대표가 서울역에서 인 시위를 하고 있다 신상호 일에 이어 일 오후 시부터 시작하는 황 대표의 서울역 인시위도 추석 연휴 귀경객 을 대상으로 진행될 전망이다 조국 장관 임명에 대한 여론의 변동이 크지 않은 상황에서 황 대표는 지지자를 결집하고 문재인 대통령의 조국 법무부 장관 임명과 관련해 투쟁 의지 를 다시 한번 다질 것으로 풀이된다 이날 황 대표의 인시위가 끝난 다음날 일 에는 자유한국당 주최로 추석민심 국민보고대회 가 국회에서 열린다 국회 본관 앞 계단에서 열릴 이번 대회에는 황 대표를 비롯해 나경원 원내대표를 포함한 주요 당직자들이 모두 참석한다 저작권자 오마이뉴스 시민기자 무단 전재 및 재배포 금지 오마이뉴스에서는 누구나 기자가 될 수 있어요 네이버에서 오마이뉴스 채널을 구독하세요 끝나지 않은 싸움 대강 부역자와 저항자들 "
"59"," 오류를 우회하기 위한 함수 추가 지난 월까지 전년대비 이상 증가 특히 지인 사칭 스미싱 주의 요망 파이낸셜뉴스 경찰이 추석 명절을 앞두고 택배 소액결제 문자 등으로 피해자를 속여 돈을 가로채는 스미싱 범죄에 주의를 당부했다 스미싱은 문자메시지 와 피싱 의 합성어로 악성 앱 주소가 포함된 휴대폰 문자를 대량 전송 후 이용자가 악성 앱을 설치하도록 유도해 금융정보 개인정보 등을 탈취하는 신종 사기 수법이다 일 경찰청에 따르면 지난 월까지 스미싱 탐지 건수는 만 건으로 전년 같은 기간 대비 증가했다 특히 지인으로 속인 스미싱이 만 건으로 전년 동기 건 대비 크게 증가하고 있어 각별한 주의가 요망된다 경찰은 스미싱 사기 피해를 예방하기 위해서는 택배 조회 명절 인사 모바일 상품권 승차권 공연예매권 증정 등의 문자 속에 출처가 확인되지 않은 인터넷주소 는 클릭하지 않아야 한다고 조언했다 또 알 수 없는 출처의 모바일 앱이 함부로 설치되지 않도록 스마트폰의 보안설정을 강화하고 앱을 다운로드 받을 경우 문자 속 링크가 아닌 애플 앱스토어나 구글 플레이스토어 등 공인된 개방형 시장을 통해 앱을 설치해야 한다고 설명했다 경찰 관계자는 이동통신사 등에서 제공하는 백신프로그램을 설치해 업데이트 및 실시간 감시상태를 유지하고 통신사 고객센터 및 홈페이지를 통해 소액결제를 원천적으로 차단하거나 결제금액을 제한해야 한다 며 보안강화 및 업데이트 명목으로 개인정보 금융정보를 요구하는 경우 절대 입력하거나 알려주지 않는 것이 중요하다 고 말했다 정부는 추석을 앞두고 전기통신금융사기 보이스피싱 방지 종합대책 의 일환으로 관계부처 간 협업을 통해 다양한 피해예방 활동을 추진할 예정이다 방송통신위원회는 한국정보통신진흥협회와 이동통신 사 와 협력해 스미싱 피해예방 문자 를 발송하고 과학기술정보통신부 한국인터넷진흥원 는 추석 연휴 동안 스미싱 유포 등에 신속하게 대응할 수 있도록 시간 모니터링을 실시한다 또 신고 접수된 스미싱 정보를 분석해 악성앱 유포지 차단 및 스미싱에 이용된 번호중지 차단 등 이용자 피해를 최소화할 계획이다 금융위원회와 금융감독원은 추석연휴 동안 금융업권의 협조를 통해 인공지능 기반 문자 메시지 분석을 통한 스미싱 여부를 판단해 경고 차단이 가능한 알고리즘 개발 보급해 관련 앱이 출시될 수 있도록 유도하는 등 스미싱 피해 예방에 나설 계획이다 경찰청은 사이버범죄 예방을 위해 운영 중인 모바일 앱 사이버캅 을 통해 스미싱 탐지 피해경보 발령 기능과 스미싱 예방수칙 정보 등을 제공하고 있다 명절 연휴 중 스미싱 의심 문자를 수신했거나 악성앱 감염 등이 의심되는 경우 불법 스팸대응센터 국번 없이 에 신고하면 된다 다른 사람에게 유사한 내용의 스미싱을 발송하는 등 차 피해를 예방할 수 있으며 악성코드 앱 제거 방법 등을 시간 무료로 상담받을 수 있다 김문희 기자 헉 소리나는 스 토리 뉴스 헉스 클릭해 뉴스 들어간다 뉴스쿨 세상에 이런일이 파스 저작권자 파이낸셜뉴스 무단 전재 재배포 금지 "
"60"," 오류를 우회하기 위한 함수 추가 리야드 지하철 공사 직원들 격려 중동서 미래사업 모색 가능성도이재용 삼성전자 부회장 왼쪽 이 일 현지 시간 사우디아라비아 리야드의 삼성물산 지하철 공사 현장을 찾아 진행 상황을 점검하고 추석 연휴 기간에도 근무하는 임직원들을 격려하고 있다 삼성전자 제공이재용 삼성전자 부회장이 일 현지 시간 사우디아라비아의 수도 리야드에서 삼성물산이 건설 중인 지하철 공사 현장을 찾았다 명절에도 쉬지 못하고 공사 현장에서 일하는 임직원을 격려하고 중동에서 미래 사업 기회를 모색하기 위한 행보로 보인다 추석 연휴 셋째 날인 일 출국한 이 부회장은 현지 도착 다음 날 오전에 리야드 도심 지하철 공사 현장으로 향했다 이 부회장이 삼성 관계사의 해외 건설 현장을 찾은 것은 이번이 처음이다 이 부회장은 현장에서 추석 연휴를 가족과 함께 보내지 못하고 묵묵히 현장을 지키고 계신 여러분이 정말 고맙고 자랑스럽다 며 중동은 탈석유 프로젝트를 추구하면서 세기 새로운 기회의 땅이 되고 있다 여러분이 흘리는 땀방울은 지금 이 새로운 기회를 내일의 소중한 결실로 이어줄 것 이라고 강조했다 이 부회장이 방문한 리야드 지하철 프로젝트는 도심 전역에 지하철 개 노선 총 를 건설하는 사우디 최초의 광역 대중교통 사업이다 삼성물산은 스페인 프랑스 알스톰 등과 컨소시엄을 구성해 개 노선의 시공을 맡아 년 준공을 목표로 하고 있다 이 부회장은 올해 설 연휴 기간에도 중국 반도체 산업 점검에 나서는 등 명절 연휴를 활용해 해외 주요 사업장을 찾아왔다 이번 추석에 사우디를 방문지로 택한 것은 현지 지하철 공사 프로젝트를 발판 삼아 다양한 미래 산업 기회를 모색할 수 있다고 보기 때문이라는 해석이 나온다 앞서 이 부회장은 월 방한한 무함마드 빈 살만 사우디 왕세자를 승지원으로 초청해 미래 성장 산업 분야에서의 협력 방안을 논의한 바 있다 이번 중동 방문에서도 무함마드 왕세자 등 고위 인사를 만나 현안을 논의할 가능성이 작지 않다는 관측이 나온다 김현수 기자 동아일보 단독 뉴스 트렌드 뉴스 네이버 홈에서 동아일보 채널 구독하기 동아일보 무단 전재 및 재배포 금지 "
"61"," 오류를 우회하기 위한 함수 추가 경기도 민생특별사법경찰단 국내산 육우를 한우로 속인 업체 등 개소 적발 개 업체 검찰 송치 예정 이병우 단장 선량 업체 이익 가로채는 불공정 노컷뉴스 동규 기자 가리비 사진은 기사내용과 관련 없음 사진 자료사진 경기도 안산시에 위치한 업체는 일본산 가리비를 국내산 가리비로 속여 판매하다 적발됐다 가평군 소재 업체는 유통기한이 개월 이상 지난 물엿을 폐기하지 않고 한과 제조에 사용하다 덜미가 잡혔다 고양시에 위치한 업체는 냉동상태로 판매해야 하는 우삼겹을 해동해 냉장육으로 판매했다 업체는 허가없이 제조 가공한 돼지고기 식품을 식자재 마트에 납품해 왔다 남양주 소재 업체는 떡 제조 시 사용하는 견과류 등에서 나방의 알과 애벌레가 발견되는 등 비위생적인 환경에서 제품을 생산했다 추석 명절 대목을 앞두고 일본산 수산물 원산지를 국내산으로 둔갑시켜 판매한 제조 판매 업체가 적발됐다 또 값싼 국내산 육우를 한우로 속여 판 불법성수식품 제조와 판매업체 등 모두 개소가 경기도 수사망에 덜미를 잡혔다 이병우 경기도 민생특별사법경찰단장은 일 경기도청에서 브리핑을 열고 추석 성수식품 원산지 둔갑 등 불법행위 수사결과 를 발표했다 이 단장은 사전정보 수집을 통해 원산지 거짓표시 가짜 한우 판매 등 불법행위를 감지하고 지난달 일부터 이달 일까지 일간 도내 농 축 수산물 및 가공품 제조판매업소 중 불법행위가 의심되는 개소에 대한 수사를 실시했다 고 밝혔다 그러면서 특별사법경찰단 특사경 개 수사센터 개반 명을 투입해 수사를 진행한 결과 곳에서 불법행위가 적발돼 수사 대상업소 곳 중 곳이 위반행위를 저지른 사실을 확인했다 고 덧붙였다 이 단장은 이어 불법행위가 확인된 개업체 중 개 업체에 대해 형사입건하고 검찰에 송치할 예정이며 나머지 개 업체에 대해서는 과태료 처분을 진행할 것 이라고 설명했다 이와함께 앞으로 해당사안에 대한 관리가 강화될 수 있도록 적발 사실을 행정청에 통보할 계획 이라며 향후 조치 계획을 설명했다 이번 수사를 통해 적발된 세부위반유형은 영업허가 등 위반 건 원산지 거짓표시 건 기준규격 등 위반 건 유통기한 경과 등 건 식품표시광고법 위반 건 위생 및 준수사항 등 위반 건 등이다 특히 추석 명절에 많이 소비되는 한우고기를 식육 판매업소에서 구입해 경기도동물위생시험소에 유전자 검사를 실시한 결과 값싼 국내산 육우를 한우 등심으로 둔갑시켜 판매한 업체도 곳이나 적발됐다고 강조했다 특사경은 이번 수사 중 적발된 한과 등 상당의 부정불량식품을 압류 유통을 사전 차단했다 이 단장은 무허가 식품 제조 및 원산지 둔갑 비위생적 식품 관리는 단순한 불법행위가 아니라 도민의 먹거리 안전을 위협하는 중대 범죄 이자 합법적으로 안전한 먹거리를 생산 판매하는 선량한 업체들의 이익을 가로채는 불공정 행위 라고 전했다 확 달라진 노컷뉴스 인싸들의 선택 노컷뉴스 구독 서비스 노컷이 못한 일 돈컷은 한다 저작권자 노컷뉴스 무단전재 및 재배포 금지 "
"62"," 오류를 우회하기 위한 함수 추가 유통기한이 지난 성수식품을 판 업체들이 무더기 적발됐다 식품의약품안전처는 추석 명절을 앞두고 지난 월 일부터 일까지 추석 성수식품 제조 판매사 등 총 총 곳을 점검한 결과 식품위생법 등을 위반한 업체 곳을 적발했다고 일 밝혔다 식약처는 개 지방자치단체와 함께 제수용 선물용 식품 및 건강기능식품 제조업체와 전통시장 대형마트 등 추석 성수식품 판매업체 추석 연휴에 국민들이 자주 이용하는 고속도로 휴게소 내 음식점 등을 대상으로 점검을 실시했다 주요 위반 내용은 유통기한 경과제품 보관 곳 자가품질검사 미실시 곳 비위생적 취급 곳 원료 생산 판매기록 미작성 곳 건강진단 미실시 곳 시설기준 위반 곳 자체 위생교육 미실시 곳 영업자 준수사항 위반 곳 등이었다 적발된 업체는 관할 지방식약청과 지자체가 개월 이내에 다시 점검해 개선 여부를 확인할 예정이다 심민관 기자 "
"63"," 오류를 우회하기 위한 함수 추가 평소처럼 통행권 뽑거나 하이패스 차로로 진입해 통과하면 명절 고속도로 무료 개방 연합뉴스 자료사진 서울 연합뉴스 김동규 기자 올해 추석 연휴에도 명절 전날과 당일 다음날 등 사흘 동안 전국 고속도로를 이용하는 모든 차량의 통행료가 면제된다 이용객들은 평소처럼 톨게이트 입구에서 통행권을 뽑거나 하이패스 차로를 이용해 고속도로에 진입하면 된다 국토교통부는 명절 등 특정 기간에 고속도로 통행료를 면제하는 유료도로법 시행령 에 따라 이번 추석 연휴 기간 통행료 면제 조치를 시행한다고 일 밝혔다 이에 따라 일 시부터 일 시 사이에 고속도로를 잠시라도 이용하는 모든 차량은 통행료를 내지 않아도 된다 다만 면제라고 하더라도 현금 카드 톨게이트를 통해 고속도로를 나갈 때 통행권은 반드시 뽑아야 한다 일 고속도로에 들어가 일 시 이후에 나오거나 일 시 이전에 진입해 일 진출하는 차량도 통행료 면제 혜택을 받는다 통행료 면제 시간을 맞추기 위해 일 시 전에 요금소 앞에서 줄을 서서 기다리거나 일 시 이전에 요금소를 빠져나가기 위해 과속할 필요가 없어 교통사고 위험을 줄이고 교통량 분산 효과도 거둘 것으로 국토부는 기대하고 있다 통행료가 면제되는 고속도로는 한국도로공사가 관리하는 재정고속도로뿐 아니라 인천공항고속도로 등 민자고속도로도 모두 포함된다 제 경인 서수원 의왕 도로 등 고속도로가 아닌 지자체가 관리하는 유료도로는 지자체 여건에 따라 자율적으로 시행된다 확 달라진 연합뉴스 웹을 만나보세요 네이버 연합뉴스 채널 구독 뭐 하고 놀까 흥 "
